source,Source Name,target,Target Name
1,Green Budget Europe (GBE),28,European Environmental Bureau
4,World Wildlife Fund,34,Inter-Environnement Wallonie
4,World Wildlife Fund,27,Climate Action Network (CAN) Europe
4,World Wildlife Fund,388,Coalition for Energy Savings
4,World Wildlife Fund,408,Climate-Kic
4,World Wildlife Fund,35,Friends of the Earth Europe
4,World Wildlife Fund,21,The Polish Climate Coalition
5,Nature Code,27,Climate Action Network (CAN) Europe
9,Sandbag,27,Climate Action Network (CAN) Europe
10,"eceee, the European Council for an Energy Efficient Economy",388,Coalition for Energy Savings
12,European Federation for Transport and Environment AISBL,388,Coalition for Energy Savings
12,European Federation for Transport and Environment AISBL,1,Green Budget Europe (GBE)
13,Hespul,94,EREF - European reewable Energy Federation
14,Nature and Biodiversity Conservation Union (NABU),28,European Environmental Bureau
14,Nature and Biodiversity Conservation Union (NABU),6,BirdLife Europe
14,Nature and Biodiversity Conservation Union (NABU),27,Climate Action Network (CAN) Europe
14,Nature and Biodiversity Conservation Union (NABU),12,European Federation for Transport and Environment AISBL
14,Nature and Biodiversity Conservation Union (NABU),39,DNR - Deutscher Naturschutzring
15,Bund für Umwelt und Naturschutz Deutschland,28,European Environmental Bureau
15,Bund für Umwelt und Naturschutz Deutschland,27,Climate Action Network (CAN) Europe
15,Bund für Umwelt und Naturschutz Deutschland,35,Friends of the Earth Europe
15,Bund für Umwelt und Naturschutz Deutschland,39,DNR - Deutscher Naturschutzring
17,ClientEarth,28,European Environmental Bureau
17,ClientEarth,388,Coalition for Energy Savings
19,Change Partnership,27,Climate Action Network (CAN) Europe
20,Centre for Transport and Energy,27,Climate Action Network (CAN) Europe
22,NOAH Friends of the Earth Denmark,2,INFORSE-Europe
22,NOAH Friends of the Earth Denmark,12,European Federation for Transport and Environment AISBL
22,NOAH Friends of the Earth Denmark,35,Friends of the Earth Europe
25,APERe,2,INFORSE-Europe
26,Klima-Bündnis Lëtzebuerg,38,Climate Alliance
27,Climate Action Network (CAN) Europe,388,Coalition for Energy Savings
28,European Environmental Bureau,388,Coalition for Energy Savings
28,European Environmental Bureau,1,Green Budget Europe (GBE)
28,European Environmental Bureau,475,EU Umweltbüro
29,Greenpeace,34,Inter-Environnement Wallonie
29,Greenpeace,27,Climate Action Network (CAN) Europe
29,Greenpeace,21,The Polish Climate Coalition
34,Inter-Environnement Wallonie,41,HEAL
34,Inter-Environnement Wallonie,28,European Environmental Bureau
34,Inter-Environnement Wallonie,27,Climate Action Network (CAN) Europe
34,Inter-Environnement Wallonie,12,European Federation for Transport and Environment AISBL
35,Friends of the Earth Europe,27,Climate Action Network (CAN) Europe
35,Friends of the Earth Europe,388,Coalition for Energy Savings
36,Forum Wissenschaft und Umwelt (FWU),40,Umwelt Dachverband
37,E3G - Third Generation Environmentalism,66,EU-ASE European Alliance to Save Energy
37,E3G - Third Generation Environmentalism,27,Climate Action Network (CAN) Europe
37,E3G - Third Generation Environmentalism,391,Zero Emissions Platform (ZEP)
37,E3G - Third Generation Environmentalism,388,Coalition for Energy Savings
38,Climate Alliance,388,Coalition for Energy Savings
39,DNR - Deutscher Naturschutzring,28,European Environmental Bureau
39,DNR - Deutscher Naturschutzring,27,Climate Action Network (CAN) Europe
39,DNR - Deutscher Naturschutzring,1,Green Budget Europe (GBE)
40,Umwelt Dachverband,28,European Environmental Bureau
40,Umwelt Dachverband,1,Green Budget Europe (GBE)
42,Focus Association for Sustainable Development,27,Climate Action Network (CAN) Europe
42,Focus Association for Sustainable Development,12,European Federation for Transport and Environment AISBL
42,Focus Association for Sustainable Development,35,Friends of the Earth Europe
43,Bellona Foundation,28,European Environmental Bureau
43,Bellona Foundation,391,Zero Emissions Platform (ZEP)
43,Bellona Foundation,12,European Federation for Transport and Environment AISBL
43,Bellona Foundation,397,European Biofuels Technology Platform
44,Glass Alliance Europe - GAE,67,BusinessEurope
45,Polish Glass Manufacturers Federation,44,Glass Alliance Europe - GAE
46,Glass for Europe,388,Coalition for Energy Savings
46,Glass for Europe,44,Glass Alliance Europe - GAE
48,AEGPL - European LPG Association,485,International Gas Union
50,British Agriculture Bureau,235,COPA-COGECA
53,European Biogas Association,94,EREF - European reewable Energy Federation
54,FERTILIZERS EUROPE,103,European Chemical Industry Council – Cefic aisbl
54,FERTILIZERS EUROPE,451,CEPS
57,EPEE - European Partnership of Energy and environment,92,European heat Pump Association
57,EPEE - European Partnership of Energy and environment,388,Coalition for Energy Savings
60,British Ceramic Confederation (BCC),146,Cerame-Unie- the European Ceramic Industry Association
61,Confcooperative,377,CECODHAS Housing Europe
61,Confcooperative,235,COPA-COGECA
61,Confcooperative,55,Cooperatives Europe
63,Federchimica,103,European Chemical Industry Council – Cefic aisbl
63,Federchimica,106,Confindustria
64,Asociación Española de Cogeneración (ACOGEN),192,CONFEDERACIÓN ESPAÑOLA DE ORGANIZACIONES EMPRESARIALES
64,Asociación Española de Cogeneración (ACOGEN),481,COGEN Europe
64,Asociación Española de Cogeneración (ACOGEN),321,"Red Eléctrica de España, SAU"
64,Asociación Española de Cogeneración (ACOGEN),417,Enagas
65,APPA - Spanish Renewable Energy Association,137,"EGEC, the European Geothermal Energy Council"
65,APPA - Spanish Renewable Energy Association,237,European Ocean Energy Association
65,APPA - Spanish Renewable Energy Association,59,EPIA - European Photovoltaic Industry Association
65,APPA - Spanish Renewable Energy Association,160,ePURE - European renewable ethanol industry
65,APPA - Spanish Renewable Energy Association,94,EREF - European reewable Energy Federation
65,APPA - Spanish Renewable Energy Association,51,AEBIOM - European Biomass Association
66,EU-ASE European Alliance to Save Energy,388,Coalition for Energy Savings
67,BusinessEurope,451,CEPS
68,Asociación Española de Operadores de Productos Petrolíferos (AOP),192,CONFEDERACIÓN ESPAÑOLA DE ORGANIZACIONES EMPRESARIALES
69,UPEI Union Pétrolière Européenne Indépendante,73,Eurofuel
70,CBI - Confederation of British Industry,67,BusinessEurope
71,Jernkontoret – The Swedish Steel Producers' Association,171,Confederation of Swedish Enterprise
72,European Solar Thermal Industry Federation (ESTIF),384,European Technology Platform on Renewable Heating and Cooling
74,Central Union of Agricultural producers and Forest Owners - MTB,235,COPA-COGECA
74,Central Union of Agricultural producers and Forest Owners - MTB,451,CEPS
75,ACEA,67,BusinessEurope
75,ACEA,228,IRU - International Road Transport Union
75,ACEA,451,CEPS
76,Unesa - Asociación Española de la Industria Eléctrica,192,CONFEDERACIÓN ESPAÑOLA DE ORGANIZACIONES EMPRESARIALES
76,Unesa - Asociación Española de la Industria Eléctrica,153,EURELETRIC
77,EUROPEAN FEDERATION OF INTELLIGENT ENERGY EFFICIENCY SERVICES,388,Coalition for Energy Savings
77,EUROPEAN FEDERATION OF INTELLIGENT ENERGY EFFICIENCY SERVICES,90,Heat Coalition
78,Fédération de l'Industrie du Verre asbl,46,Glass for Europe
78,Fédération de l'Industrie du Verre asbl,44,Glass Alliance Europe - GAE
80,Federation Finnish Technology Industries,134,Confederation of Finnish Industries EK
80,Federation Finnish Technology Industries,158,Orgalime - European Engineering Industries Association
81,EURACOAL aisbl (European Association for Coal and Lignite),133,World Coal Association
82,IWEA - Irish Wind Energy Association,96,EWEA - European Wind Energy Association
85,EuSalt,138,Euro Chlor
86,EUTurbines European Association of Gas and Steam Turbine Manufacturers,477,Bundesverband der Energie- und Wasserwirtschaft
86,EUTurbines European Association of Gas and Steam Turbine Manufacturers,391,Zero Emissions Platform (ZEP)
92,European heat Pump Association,57,EPEE - European Partnership of Energy and environment
92,European heat Pump Association,384,European Technology Platform on Renewable Heating and Cooling
92,European heat Pump Association,90,Heat Coalition
93,Austrian Biomass Association,51,AEBIOM - European Biomass Association
94,EREF - European reewable Energy Federation,2,INFORSE-Europe
94,EREF - European reewable Energy Federation,10,"eceee, the European Council for an Energy Efficient Economy"
97,"CEMBUREAU, the European Cement Association",123,IFIEC Europe - International Federation of Industrial Energy Consumers
97,"CEMBUREAU, the European Cement Association",67,BusinessEurope
99,Finnish Energy Industries,145,GEODE - The Voice of local Energy Distributors across Europe
99,Finnish Energy Industries,101,Federation of Finnish Enterprises
99,Finnish Energy Industries,134,Confederation of Finnish Industries EK
99,Finnish Energy Industries,96,EWEA - European Wind Energy Association
99,Finnish Energy Industries,109,FORATOM
99,Finnish Energy Industries,153,EURELETRIC
100,Energy Norway,67,BusinessEurope
100,Energy Norway,153,EURELETRIC
101,Federation of Finnish Enterprises,131,"EUROPEAN ASSOCIATION OF CRAFT, SMALL AND MEDIUM-SIZED ENTERPRISES"
101,Federation of Finnish Enterprises,451,CEPS
102,Oesterreichs Energie,145,GEODE - The Voice of local Energy Distributors across Europe
102,Oesterreichs Energie,153,EURELETRIC
103,European Chemical Industry Council – Cefic aisbl,411,Confrontations Europe
103,European Chemical Industry Council – Cefic aisbl,57,EPEE - European Partnership of Energy and environment
103,European Chemical Industry Council – Cefic aisbl,67,BusinessEurope
103,European Chemical Industry Council – Cefic aisbl,52,Eurometaux
103,European Chemical Industry Council – Cefic aisbl,451,CEPS
103,European Chemical Industry Council – Cefic aisbl,138,Euro Chlor
104,"Swedish Recycling Industries´ Assocation, SRI",83,FEAD - European Federation of Waste Management and Environmental Services
104,"Swedish Recycling Industries´ Assocation, SRI",171,Confederation of Swedish Enterprise
105,Essenscia asbl - Belgian Federation for Chemistry and Life Sciences Industries,103,European Chemical Industry Council – Cefic aisbl
106,Confindustria,67,BusinessEurope
106,Confindustria,451,CEPS
107,Danish Construction Association,67,BusinessEurope
107,Danish Construction Association,167,FIEC - The European Construction Industry Federation
108,Fédérationn Française des Tuiles et Briques,179,MEDEF
108,Fédérationn Française des Tuiles et Briques,146,Cerame-Unie- the European Ceramic Industry Association
109,FORATOM,464,Commissariat à l’Energie Atomique et aux Energies Alternatives
110,BWE - German Wind Energy Association,114,Bundesverband Erneuerbare Energie e.V.
110,BWE - German Wind Energy Association,96,EWEA - European Wind Energy Association
110,BWE - German Wind Energy Association,94,EREF - European reewable Energy Federation
111,"SveMin, Swedish Association of Mines, Mineral and Metal Producers",171,Confederation of Swedish Enterprise
112,EUROGAS,485,International Gas Union
112,EUROGAS,451,CEPS
114,Bundesverband Erneuerbare Energie e.V.,94,EREF - European reewable Energy Federation
115,Association of Large Energy Consumers (SVSE),123,IFIEC Europe - International Federation of Industrial Energy Consumers
116,Polish Electricity Association - PKEE,153,EURELETRIC
117,Swedish Forest Industries Federation,171,Confederation of Swedish Enterprise
118,VNCI - Association of the Dutch Chemical Industry,252,VNO-NCW and MKB
118,VNCI - Association of the Dutch Chemical Industry,103,European Chemical Industry Council – Cefic aisbl
120,Anigas – Associazione Nazionale Industriali Gas,112,EUROGAS
120,Anigas – Associazione Nazionale Industriali Gas,106,Confindustria
121,PU Europe,388,Coalition for Energy Savings
121,PU Europe,136,EuroACE - European Alliance of Companies for Energy Efficiency in Buildings
122,French Union of Electricity,153,EURELETRIC
122,French Union of Electricity,179,MEDEF
124,European Solar Thermal Electricity Association ESTELA,354,Dii GmbH
125,UNIFE - the European Rail Industry,458,International Association of Public Transport
126,DENEFF - German Business Association for Energy Efficiency,66,EU-ASE European Alliance to Save Energy
126,DENEFF - German Business Association for Energy Efficiency,10,"eceee, the European Council for an Energy Efficient Economy"
127,Swedish Wind Energy Association,96,EWEA - European Wind Energy Association
129,European Nuclear Energy Forum (ENEF),464,Commissariat à l’Energie Atomique et aux Energies Alternatives
130,European Lime Association,113,Industrial Minerals Association Europe
130,European Lime Association,451,CEPS
132,Fedil- Business Federation Luxembourg,67,BusinessEurope
134,Confederation of Finnish Industries EK,67,BusinessEurope
135,APER - Associazione Produttori Energia Rinnovabile,96,EWEA - European Wind Energy Association
135,APER - Associazione Produttori Energia Rinnovabile,59,EPIA - European Photovoltaic Industry Association
136,EuroACE - European Alliance of Companies for Energy Efficiency in Buildings,10,"eceee, the European Council for an Energy Efficient Economy"
136,EuroACE - European Alliance of Companies for Energy Efficiency in Buildings,388,Coalition for Energy Savings
138,Euro Chlor,103,European Chemical Industry Council – Cefic aisbl
139,MEW Mittelständische Energiewirtschaft Deutschland e.V.,69,UPEI Union Pétrolière Européenne Indépendante
140,VLAAMSE WINDENERGIE ASSOCIATIE,96,EWEA - European Wind Energy Association
141,Finnish Forest Industries Federation,242,Confederation of European Paper Industries
142,MARCOGAZ,485,International Gas Union
142,MARCOGAZ,112,EUROGAS
143,Estonian Renewable Energy Association,94,EREF - European reewable Energy Federation
143,Estonian Renewable Energy Association,51,AEBIOM - European Biomass Association
145,GEODE - The Voice of local Energy Distributors across Europe,483,"EEF, the manufacturers’ organisation/ UK Steel"
146,Cerame-Unie- the European Ceramic Industry Association,67,BusinessEurope
147,Federacciai - Federation of the Italian Steel Companies,224,EUROFER - European Steel Association
147,Federacciai - Federation of the Italian Steel Companies,106,Confindustria
149,CIFF - Chemical Industry Federation of Finland,134,Confederation of Finnish Industries EK
149,CIFF - Chemical Industry Federation of Finland,103,European Chemical Industry Council – Cefic aisbl
150,APREN – the Portuguese Renewable Energy Association,96,EWEA - European Wind Energy Association
150,APREN – the Portuguese Renewable Energy Association,59,EPIA - European Photovoltaic Industry Association
150,APREN – the Portuguese Renewable Energy Association,94,EREF - European reewable Energy Federation
150,APREN – the Portuguese Renewable Energy Association,51,AEBIOM - European Biomass Association
151,Association of Chemical Industry of the Czech Republic,103,European Chemical Industry Council – Cefic aisbl
153,EURELETRIC,356,ESB - Electriciy Supply Board
153,EURELETRIC,391,Zero Emissions Platform (ZEP)
154,Fuelseurope,158,Orgalime - European Engineering Industries Association
154,Fuelseurope,67,BusinessEurope
154,Fuelseurope,451,CEPS
155,Federation of Norwegian Industries,123,IFIEC Europe - International Federation of Industrial Energy Consumers
155,Federation of Norwegian Industries,158,Orgalime - European Engineering Industries Association
155,Federation of Norwegian Industries,83,FEAD - European Federation of Waste Management and Environmental Services
155,Federation of Norwegian Industries,52,Eurometaux
155,Federation of Norwegian Industries,103,European Chemical Industry Council – Cefic aisbl
155,Federation of Norwegian Industries,242,Confederation of European Paper Industries
157,Czech Chamber of Commerce,98,EUROCHAMBRES – The Association of European Chambers of Commerce and Industry
159,"UEPC, European Union of Developers and House Builders",245,"European Landowners' Association, European Property Federation, European Group of Valuers' Associations, European Historic Houses Association"
161,Danish Energy Association,254,FECER (Fédération Européenne des Cadres de l'énergie)
161,Danish Energy Association,92,European heat Pump Association
161,Danish Energy Association,153,EURELETRIC
161,Danish Energy Association,10,"eceee, the European Council for an Energy Efficient Economy"
162,EDORA,53,European Biogas Association
162,EDORA,96,EWEA - European Wind Energy Association
162,EDORA,59,EPIA - European Photovoltaic Industry Association
162,EDORA,94,EREF - European reewable Energy Federation
162,EDORA,51,AEBIOM - European Biomass Association
163,French Glass Association,46,Glass for Europe
165,PlasticsEurope,230,Union des Industries Chimiques - UIC
165,PlasticsEurope,383,Investment Property Forum (IPF)
165,PlasticsEurope,103,European Chemical Industry Council – Cefic aisbl
167,FIEC - The European Construction Industry Federation,67,BusinessEurope
167,FIEC - The European Construction Industry Federation,131,"EUROPEAN ASSOCIATION OF CRAFT, SMALL AND MEDIUM-SIZED ENTERPRISES"
168,Renewable Energy Association,53,European Biogas Association
168,Renewable Energy Association,59,EPIA - European Photovoltaic Industry Association
168,Renewable Energy Association,94,EREF - European reewable Energy Federation
170,"Apetro, the National Oil Industry Association of Portugal",154,Fuelseurope
170,"Apetro, the National Oil Industry Association of Portugal",48,AEGPL - European LPG Association
171,Confederation of Swedish Enterprise,67,BusinessEurope
172,Landwirtschaftskammer Österreich,235,COPA-COGECA
173,"FEBEG, the Federation of Belgian Electricity and Gas Companies",153,EURELETRIC
173,"FEBEG, the Federation of Belgian Electricity and Gas Companies",197,Voka – Vlaams netwerk van ondernemingen
175,Co-operatives UK,55,Cooperatives Europe
176,Danish Agriculture & Food Council,235,COPA-COGECA
176,Danish Agriculture & Food Council,55,Cooperatives Europe
176,Danish Agriculture & Food Council,451,CEPS
177,Bundesverband der Glasindustrie e.V.,44,Glass Alliance Europe - GAE
178,Swedenergy AB,145,GEODE - The Voice of local Energy Distributors across Europe
178,Swedenergy AB,153,EURELETRIC
178,Swedenergy AB,451,CEPS
179,MEDEF,67,BusinessEurope
180,SVEBIO – Swedish Bioenergy Association,51,AEBIOM - European Biomass Association
181,European Domestic Glass,44,Glass Alliance Europe - GAE
184,Electricity Association of Ireland,153,EURELETRIC
184,Electricity Association of Ireland,153,EURELETRIC
185,CIP – Confederation of Portuguese Business,67,BusinessEurope
187,Irish Business and Employers Confederation,158,Orgalime - European Engineering Industries Association
187,Irish Business and Employers Confederation,67,BusinessEurope
187,Irish Business and Employers Confederation,131,"EUROPEAN ASSOCIATION OF CRAFT, SMALL AND MEDIUM-SIZED ENTERPRISES"
187,Irish Business and Employers Confederation,103,European Chemical Industry Council – Cefic aisbl
187,Irish Business and Employers Confederation,451,CEPS
187,Irish Business and Employers Confederation,97,"CEMBUREAU, the European Cement Association"
189,FEVE - the European Container Glass Federation,44,Glass Alliance Europe - GAE
190,International Association of Oil & Gas Producers - OGP,451,CEPS
192,CONFEDERACIÓN ESPAÑOLA DE ORGANIZACIONES EMPRESARIALES,67,BusinessEurope
193,Assovetro,46,Glass for Europe
193,Assovetro,44,Glass Alliance Europe - GAE
195,Spanish Gas Association (SEDIGAS),192,CONFEDERACIÓN ESPAÑOLA DE ORGANIZACIONES EMPRESARIALES
195,Spanish Gas Association (SEDIGAS),485,International Gas Union
195,Spanish Gas Association (SEDIGAS),112,EUROGAS
195,Spanish Gas Association (SEDIGAS),142,MARCOGAZ
197,Voka – Vlaams netwerk van ondernemingen,98,EUROCHAMBRES – The Association of European Chambers of Commerce and Industry
198,"IG BCE (Industriegewerkschaft Bergbau, Chemie, Energie)",430,Deutscher Gewerkschaftsbund (DGB)
198,"IG BCE (Industriegewerkschaft Bergbau, Chemie, Energie)",425,industriAll European Trade Union
199,ETRMA - European Tyre & Rubber Manufacturers Association,75,ACEA
199,ETRMA - European Tyre & Rubber Manufacturers Association,67,BusinessEurope
201,Industrievereinigung Chemiefaser (IVC),383,Investment Property Forum (IPF)
202,Verband der Industriellen Energie- und Kraftwirtschaft,123,IFIEC Europe - International Federation of Industrial Energy Consumers
203,Wirtschaftskammer Österreich (WKO) Fachverband Steine - Keramik,113,Industrial Minerals Association Europe
203,Wirtschaftskammer Österreich (WKO) Fachverband Steine - Keramik,130,European Lime Association
204,Wirtschaftskammer Österreich (WKO),98,EUROCHAMBRES – The Association of European Chambers of Commerce and Industry
204,Wirtschaftskammer Österreich (WKO),131,"EUROPEAN ASSOCIATION OF CRAFT, SMALL AND MEDIUM-SIZED ENTERPRISES"
204,Wirtschaftskammer Österreich (WKO),52,Eurometaux
204,Wirtschaftskammer Österreich (WKO),44,Glass Alliance Europe - GAE
204,Wirtschaftskammer Österreich (WKO),248,AIE - European Association of Electrical Contractors
204,Wirtschaftskammer Österreich (WKO),167,FIEC - The European Construction Industry Federation
205,European Builders Confederation EBC,131,"EUROPEAN ASSOCIATION OF CRAFT, SMALL AND MEDIUM-SIZED ENTERPRISES"
206,German Biogas Association (GBA),114,Bundesverband Erneuerbare Energie e.V.
206,German Biogas Association (GBA),53,European Biogas Association
206,German Biogas Association (GBA),94,EREF - European reewable Energy Federation
207,DVFG – Deutscher Verband Flüssiggas (German LPG association),48,AEGPL - European LPG Association
207,DVFG – Deutscher Verband Flüssiggas (German LPG association),136,EuroACE - European Alliance of Companies for Energy Efficiency in Buildings
208,Verband Kommunaler Unternehmen (VKU),88,CEDEC –the European Federation of Local Energy Companies
208,Verband Kommunaler Unternehmen (VKU),409,CEEP - European Centre of Employers and Enterprises providing Public services
209,Verband der Chemischen Industrie (VCI),103,European Chemical Industry Council – Cefic aisbl
209,Verband der Chemischen Industrie (VCI),451,CEPS
210,Aussenhandelsverband für Mineralöl und Energie (AFM+E),69,UPEI Union Pétrolière Européenne Indépendante
210,Aussenhandelsverband für Mineralöl und Energie (AFM+E),139,MEW Mittelständische Energiewirtschaft Deutschland e.V.
211,Deutscher Bauernverband (DBV) - German Farmers,235,COPA-COGECA
212,IG Windkraft - Austrian Windenergy Association,94,EREF - European reewable Energy Federation
212,IG Windkraft - Austrian Windenergy Association,40,Umwelt Dachverband
214,Allianz der öffentlichen Wasserwirtschaft (AöW),213,"German Association of water, wastewater and waste (DWA)"
214,Allianz der öffentlichen Wasserwirtschaft (AöW),409,CEEP - European Centre of Employers and Enterprises providing Public services
215,Verband Kommunaler Unternehmen Österreichs (VKÖ),88,CEDEC –the European Federation of Local Energy Companies
216,Wirtschaftsvereinigung Metalle (WVM),52,Eurometaux
219,Bundesverband deutscher Wohnungs- und Immobilienunternehmen,377,CECODHAS Housing Europe
219,Bundesverband deutscher Wohnungs- und Immobilienunternehmen,55,Cooperatives Europe
219,Bundesverband deutscher Wohnungs- und Immobilienunternehmen,409,CEEP - European Centre of Employers and Enterprises providing Public services
221,Renewable UK,96,EWEA - European Wind Energy Association
221,Renewable UK,237,European Ocean Energy Association
223,Austropapier - Confederation of Austrian Pulp and Paper industries,204,Wirtschaftskammer Österreich (WKO)
223,Austropapier - Confederation of Austrian Pulp and Paper industries,242,Confederation of European Paper Industries
224,EUROFER - European Steel Association,67,BusinessEurope
225,EPPSA - European Power Plant Suppliers Association,391,Zero Emissions Platform (ZEP)
226,GIE - Gas Infrastructure Europe,485,International Gas Union
227,AEE - Spanish Wind Power Association,96,EWEA - European Wind Energy Association
230,Union des Industries Chimiques - UIC,179,MEDEF
230,Union des Industries Chimiques - UIC,103,European Chemical Industry Council – Cefic aisbl
232,"Alliance of the Producers of Ecological Energy-BG, the Bulgarian Photovoltaic Association, the Bulgarian Wind Energy Association and the Romanian Photovoltaic Industry Association",96,EWEA - European Wind Energy Association
232,"Alliance of the Producers of Ecological Energy-BG, the Bulgarian Photovoltaic Association, the Bulgarian Wind Energy Association and the Romanian Photovoltaic Industry Association",88,CEDEC –the European Federation of Local Energy Companies
235,COPA-COGECA,55,Cooperatives Europe
236,IV - Federation of Austrian Industries,67,BusinessEurope
238,EURIMA - European Insulation Manufacturers Association,10,"eceee, the European Council for an Energy Efficient Economy"
238,EURIMA - European Insulation Manufacturers Association,388,Coalition for Energy Savings
239,Chance for Buildings,388,Coalition for Energy Savings
240,Renewable Energy Austria,94,EREF - European reewable Energy Federation
241,IKEM - Innovation and Chemical Industries in Sweden,171,Confederation of Swedish Enterprise
241,IKEM - Innovation and Chemical Industries in Sweden,103,European Chemical Industry Council – Cefic aisbl
242,Confederation of European Paper Industries,117,Swedish Forest Industries Federation
244,Energy UK,112,EUROGAS
244,Energy UK,153,EURELETRIC
246,EURO ALLIAGES - Association of European Ferro-Alloy Producers,52,Eurometaux
249,DIHK - Deutscher Industrie- und Handelskammertag,98,EUROCHAMBRES – The Association of European Chambers of Commerce and Industry
252,VNO-NCW and MKB,67,BusinessEurope
252,VNO-NCW and MKB,451,CEPS
255,ECOHZ AS,100,Energy Norway
255,ECOHZ AS,378,RECS International
256,LAFARGE,412,International Emmissions Trading Association
256,LAFARGE,451,CEPS
256,LAFARGE,87,AFEP - Cercle de l'Industrie
257,Wienerberger AG,60,British Ceramic Confederation (BCC)
257,Wienerberger AG,146,Cerame-Unie- the European Ceramic Industry Association
258,Novozymes,160,ePURE - European renewable ethanol industry
258,Novozymes,103,European Chemical Industry Council – Cefic aisbl
258,Novozymes,49,PANGEA Partners for Euro-African Green Energy
259,DONG Energy,244,Energy UK
259,DONG Energy,161,Danish Energy Association
259,DONG Energy,53,European Biogas Association
259,DONG Energy,126,DENEFF - German Business Association for Energy Efficiency
259,DONG Energy,96,EWEA - European Wind Energy Association
259,DONG Energy,477,Bundesverband der Energie- und Wasserwirtschaft
259,DONG Energy,160,ePURE - European renewable ethanol industry
259,DONG Energy,222,European Federation of Energy Traders (EFET)
259,DONG Energy,190,International Association of Oil & Gas Producers - OGP
259,DONG Energy,140,VLAAMSE WINDENERGIE ASSOCIATIE
259,DONG Energy,51,AEBIOM - European Biomass Association
260,First Solar GmbH,354,Dii GmbH
260,First Solar GmbH,477,Bundesverband der Energie- und Wasserwirtschaft
260,First Solar GmbH,59,EPIA - European Photovoltaic Industry Association
260,First Solar GmbH,476,AmCham - American Chamber of Commerce to the EU
261,Kingfisher PLC,70,CBI - Confederation of British Industry
261,Kingfisher PLC,87,AFEP - Cercle de l'Industrie
262,Schneider Electric,126,DENEFF - German Business Association for Energy Efficiency
262,Schneider Electric,96,EWEA - European Wind Energy Association
262,Schneider Electric,158,Orgalime - European Engineering Industries Association
262,Schneider Electric,144,EU-BAC European Building Automation and Controls Association
262,Schneider Electric,57,EPEE - European Partnership of Energy and environment
262,Schneider Electric,59,EPIA - European Photovoltaic Industry Association
262,Schneider Electric,66,EU-ASE European Alliance to Save Energy
262,Schneider Electric,10,"eceee, the European Council for an Energy Efficient Economy"
262,Schneider Electric,188,Smart Energy Demand Coalition
262,Schneider Electric,82,IWEA - Irish Wind Energy Association
262,Schneider Electric,99,Finnish Energy Industries
262,Schneider Electric,87,AFEP - Cercle de l'Industrie
263,Knauf Insulation,219,Bundesverband deutscher Wohnungs- und Immobilienunternehmen
263,Knauf Insulation,126,DENEFF - German Business Association for Energy Efficiency
263,Knauf Insulation,66,EU-ASE European Alliance to Save Energy
263,Knauf Insulation,387,World Green Building Council (Europe Regional Network)
263,Knauf Insulation,238,EURIMA - European Insulation Manufacturers Association
263,Knauf Insulation,136,EuroACE - European Alliance of Companies for Energy Efficiency in Buildings
266,NASDAQ OMX,451,CEPS
267,VESTAS,227,AEE - Spanish Wind Power Association
267,VESTAS,96,EWEA - European Wind Energy Association
267,VESTAS,140,VLAAMSE WINDENERGIE ASSOCIATIE
267,VESTAS,82,IWEA - Irish Wind Energy Association
267,VESTAS,110,BWE - German Wind Energy Association
267,VESTAS,127,Swedish Wind Energy Association
268,IKEA,59,EPIA - European Photovoltaic Industry Association
271,VEOLIA ENVIRONNEMENT,186,Association for District Heating of the Czech Republic (ADHCR)
271,VEOLIA ENVIRONNEMENT,126,DENEFF - German Business Association for Energy Efficiency
271,VEOLIA ENVIRONNEMENT,77,EUROPEAN FEDERATION OF INTELLIGENT ENERGY EFFICIENCY SERVICES
271,VEOLIA ENVIRONNEMENT,132,Fedil- Business Federation Luxembourg
271,VEOLIA ENVIRONNEMENT,481,COGEN Europe
271,VEOLIA ENVIRONNEMENT,67,BusinessEurope
271,VEOLIA ENVIRONNEMENT,64,Asociación Española de Cogeneración (ACOGEN)
271,VEOLIA ENVIRONNEMENT,99,Finnish Energy Industries
271,VEOLIA ENVIRONNEMENT,412,International Emmissions Trading Association
271,VEOLIA ENVIRONNEMENT,408,Climate-Kic
271,VEOLIA ENVIRONNEMENT,87,AFEP - Cercle de l'Industrie
271,VEOLIA ENVIRONNEMENT,51,AEBIOM - European Biomass Association
273,VELUX Group,126,DENEFF - German Business Association for Energy Efficiency
273,VELUX Group,10,"eceee, the European Council for an Energy Efficient Economy"
273,VELUX Group,136,EuroACE - European Alliance of Companies for Energy Efficiency in Buildings
274,ENERCON,227,AEE - Spanish Wind Power Association
274,ENERCON,96,EWEA - European Wind Energy Association
274,ENERCON,150,APREN – the Portuguese Renewable Energy Association
274,ENERCON,140,VLAAMSE WINDENERGIE ASSOCIATIE
274,ENERCON,82,IWEA - Irish Wind Energy Association
274,ENERCON,110,BWE - German Wind Energy Association
274,ENERCON,127,Swedish Wind Energy Association
279,RSA Insurance,227,AEE - Spanish Wind Power Association
280,OMV Aktiengesellschaft,204,Wirtschaftskammer Österreich (WKO)
280,OMV Aktiengesellschaft,485,International Gas Union
280,OMV Aktiengesellschaft,154,Fuelseurope
280,OMV Aktiengesellschaft,222,European Federation of Energy Traders (EFET)
280,OMV Aktiengesellschaft,190,International Association of Oil & Gas Producers - OGP
280,OMV Aktiengesellschaft,67,BusinessEurope
280,OMV Aktiengesellschaft,226,GIE - Gas Infrastructure Europe
280,OMV Aktiengesellschaft,236,IV - Federation of Austrian Industries
281,ALSTOM,244,Energy UK
281,ALSTOM,466,Deutsches Zentrum für Luft- und Raumfahrt e.V. (DLR) German Aerospace Center
281,ALSTOM,237,European Ocean Energy Association
281,ALSTOM,124,European Solar Thermal Electricity Association ESTELA
281,ALSTOM,179,MEDEF
281,ALSTOM,140,VLAAMSE WINDENERGIE ASSOCIATIE
281,ALSTOM,87,AFEP - Cercle de l'Industrie
281,ALSTOM,125,UNIFE - the European Rail Industry
282,Dow Chemical,121,PU Europe
282,Dow Chemical,124,European Solar Thermal Electricity Association ESTELA
282,Dow Chemical,64,Asociación Española de Cogeneración (ACOGEN)
282,Dow Chemical,165,PlasticsEurope
282,Dow Chemical,476,AmCham - American Chamber of Commerce to the EU
282,Dow Chemical,103,European Chemical Industry Council – Cefic aisbl
282,Dow Chemical,412,International Emmissions Trading Association
282,Dow Chemical,138,Euro Chlor
283,Drujba Glassworks S.A.,189,FEVE - the European Container Glass Federation
285,Finnfjord AS,52,Eurometaux
287,3M,152,EMIRI - Energy Materials Industrial Research Initiative
287,3M,354,Dii GmbH
287,3M,126,DENEFF - German Business Association for Energy Efficiency
287,3M,395,The Prince of Wales’s EU Corporate Leaders Group (EUCLG)
287,3M,476,AmCham - American Chamber of Commerce to the EU
287,3M,140,VLAAMSE WINDENERGIE ASSOCIATIE
287,3M,103,European Chemical Industry Council – Cefic aisbl
288,Wärtsilä,481,COGEN Europe
288,Wärtsilä,80,Federation Finnish Technology Industries
288,Wärtsilä,64,Asociación Española de Cogeneración (ACOGEN)
288,Wärtsilä,153,EURELETRIC
289,Vereniging Nederlandse Glasfabrikanten - VNG,252,VNO-NCW and MKB
289,Vereniging Nederlandse Glasfabrikanten - VNG,44,Glass Alliance Europe - GAE
290,Wiegand-Glas,177,Bundesverband der Glasindustrie e.V.
292,Yioula Glassworks,189,FEVE - the European Container Glass Federation
293,Neste Oil Corporation,483,"EEF, the manufacturers’ organisation/ UK Steel"
293,Neste Oil Corporation,149,CIFF - Chemical Industry Federation of Finland
293,Neste Oil Corporation,154,Fuelseurope
293,Neste Oil Corporation,180,SVEBIO – Swedish Bioenergy Association
294,Hydro,123,IFIEC Europe - International Federation of Industrial Energy Consumers
294,Hydro,67,BusinessEurope
294,Hydro,52,Eurometaux
294,Hydro,412,International Emmissions Trading Association
294,Hydro,451,CEPS
294,Hydro,155,Federation of Norwegian Industries
295,SOLVAY,121,PU Europe
295,SOLVAY,67,BusinessEurope
295,SOLVAY,64,Asociación Española de Cogeneración (ACOGEN)
295,SOLVAY,165,PlasticsEurope
295,SOLVAY,201,Industrievereinigung Chemiefaser (IVC)
295,SOLVAY,103,European Chemical Industry Council – Cefic aisbl
295,SOLVAY,87,AFEP - Cercle de l'Industrie
295,SOLVAY,138,Euro Chlor
296,Borealis AG,149,CIFF - Chemical Industry Federation of Finland
296,Borealis AG,165,PlasticsEurope
296,Borealis AG,103,European Chemical Industry Council – Cefic aisbl
296,Borealis AG,54,FERTILIZERS EUROPE
297,LKAB,149,CIFF - Chemical Industry Federation of Finland
297,LKAB,111,"SveMin, Swedish Association of Mines, Mineral and Metal Producers"
297,LKAB,451,CEPS
298,OBB,230,Union des Industries Chimiques - UIC
299,Westinghouse Electric,109,FORATOM
300,ThyssenKrupp,132,Fedil- Business Federation Luxembourg
300,ThyssenKrupp,224,EUROFER - European Steel Association
301,Metsä Group,141,Finnish Forest Industries Federation
301,Metsä Group,67,BusinessEurope
301,Metsä Group,242,Confederation of European Paper Industries
302,BASF,149,CIFF - Chemical Industry Federation of Finland
302,BASF,354,Dii GmbH
302,BASF,96,EWEA - European Wind Energy Association
302,BASF,121,PU Europe
302,BASF,124,European Solar Thermal Electricity Association ESTELA
302,BASF,67,BusinessEurope
302,BASF,56,EASE – European Association for Storage of Energy
302,BASF,165,PlasticsEurope
302,BASF,387,World Green Building Council (Europe Regional Network)
302,BASF,103,European Chemical Industry Council – Cefic aisbl
302,BASF,82,IWEA - Irish Wind Energy Association
302,BASF,54,FERTILIZERS EUROPE
302,BASF,166,"AGFW | Der Energieeffizienzverband für Wärme, Kälte und KWK e. V"
302,BASF,138,Euro Chlor
303,RHI,60,British Ceramic Confederation (BCC)
304,INEOS,154,Fuelseurope
304,INEOS,165,PlasticsEurope
304,INEOS,103,European Chemical Industry Council – Cefic aisbl
306,ENEA Trading,116,Polish Electricity Association - PKEE
306,ENEA Trading,233,EDSO - European Distribution System Operators' Association
307,RES Group,96,EWEA - European Wind Energy Association
307,RES Group,82,IWEA - Irish Wind Energy Association
308,SSE,244,Energy UK
308,SSE,222,European Federation of Energy Traders (EFET)
308,SSE,184,Electricity Association of Ireland
308,SSE,184,Electricity Association of Ireland
308,SSE,187,Irish Business and Employers Confederation
308,SSE,82,IWEA - Irish Wind Energy Association
308,SSE,412,International Emmissions Trading Association
308,SSE,70,CBI - Confederation of British Industry
308,SSE,226,GIE - Gas Infrastructure Europe
308,SSE,221,Renewable UK
309,ERDF,122,French Union of Electricity
309,ERDF,153,EURELETRIC
309,ERDF,233,EDSO - European Distribution System Operators' Association
310,Iberdola,244,Energy UK
310,Iberdola,227,AEE - Spanish Wind Power Association
310,Iberdola,195,Spanish Gas Association (SEDIGAS)
310,Iberdola,112,EUROGAS
310,Iberdola,96,EWEA - European Wind Energy Association
310,Iberdola,59,EPIA - European Photovoltaic Industry Association
310,Iberdola,150,APREN – the Portuguese Renewable Energy Association
310,Iberdola,395,The Prince of Wales’s EU Corporate Leaders Group (EUCLG)
310,Iberdola,481,COGEN Europe
310,Iberdola,222,European Federation of Energy Traders (EFET)
310,Iberdola,109,FORATOM
310,Iberdola,153,EURELETRIC
310,Iberdola,56,EASE – European Association for Storage of Energy
310,Iberdola,412,International Emmissions Trading Association
310,Iberdola,76,Unesa - Asociación Española de la Industria Eléctrica
310,Iberdola,451,CEPS
310,Iberdola,233,EDSO - European Distribution System Operators' Association
311,Eneco,252,VNO-NCW and MKB
311,Eneco,112,EUROGAS
311,Eneco,96,EWEA - European Wind Energy Association
311,Eneco,132,Fedil- Business Federation Luxembourg
311,Eneco,222,European Federation of Energy Traders (EFET)
311,Eneco,153,EURELETRIC
311,Eneco,140,VLAAMSE WINDENERGIE ASSOCIATIE
311,Eneco,173,"FEBEG, the Federation of Belgian Electricity and Gas Companies"
311,Eneco,168,Renewable Energy Association
311,Eneco,51,AEBIOM - European Biomass Association
312,PGNiG SA,222,European Federation of Energy Traders (EFET)
312,PGNiG SA,190,International Association of Oil & Gas Producers - OGP
313,Stadtwerke München GmbH,458,International Association of Public Transport
313,Stadtwerke München GmbH,208,Verband Kommunaler Unternehmen (VKU)
313,Stadtwerke München GmbH,477,Bundesverband der Energie- und Wasserwirtschaft
313,Stadtwerke München GmbH,249,DIHK - Deutscher Industrie- und Handelskammertag
313,Stadtwerke München GmbH,153,EURELETRIC
313,Stadtwerke München GmbH,88,CEDEC –the European Federation of Local Energy Companies
313,Stadtwerke München GmbH,409,CEEP - European Centre of Employers and Enterprises providing Public services
313,Stadtwerke München GmbH,166,"AGFW | Der Energieeffizienzverband für Wärme, Kälte und KWK e. V"
314,TVO,109,FORATOM
314,TVO,129,European Nuclear Energy Forum (ENEF)
315,ENEL,137,"EGEC, the European Geothermal Energy Council"
315,ENEL,227,AEE - Spanish Wind Power Association
315,ENEL,354,Dii GmbH
315,ENEL,112,EUROGAS
315,ENEL,96,EWEA - European Wind Energy Association
315,ENEL,237,European Ocean Energy Association
315,ENEL,59,EPIA - European Photovoltaic Industry Association
315,ENEL,124,European Solar Thermal Electricity Association ESTELA
315,ENEL,222,European Federation of Energy Traders (EFET)
315,ENEL,67,BusinessEurope
315,ENEL,64,Asociación Española de Cogeneración (ACOGEN)
315,ENEL,56,EASE – European Association for Storage of Energy
315,ENEL,412,International Emmissions Trading Association
315,ENEL,451,CEPS
316,Gas Natural Fenosa,192,CONFEDERACIÓN ESPAÑOLA DE ORGANIZACIONES EMPRESARIALES
316,Gas Natural Fenosa,485,International Gas Union
316,Gas Natural Fenosa,227,AEE - Spanish Wind Power Association
316,Gas Natural Fenosa,195,Spanish Gas Association (SEDIGAS)
316,Gas Natural Fenosa,112,EUROGAS
316,Gas Natural Fenosa,222,European Federation of Energy Traders (EFET)
316,Gas Natural Fenosa,153,EURELETRIC
316,Gas Natural Fenosa,56,EASE – European Association for Storage of Energy
316,Gas Natural Fenosa,142,MARCOGAZ
316,Gas Natural Fenosa,412,International Emmissions Trading Association
316,Gas Natural Fenosa,169,UPRIGAS - Union Professionelle des Industries Privées du Gaz
316,Gas Natural Fenosa,173,"FEBEG, the Federation of Belgian Electricity and Gas Companies"
316,Gas Natural Fenosa,76,Unesa - Asociación Española de la Industria Eléctrica
317,EDP - Energias de Portugal,185,CIP – Confederation of Portuguese Business
317,EDP - Energias de Portugal,195,Spanish Gas Association (SEDIGAS)
317,EDP - Energias de Portugal,112,EUROGAS
317,EDP - Energias de Portugal,96,EWEA - European Wind Energy Association
317,EDP - Energias de Portugal,59,EPIA - European Photovoltaic Industry Association
317,EDP - Energias de Portugal,150,APREN – the Portuguese Renewable Energy Association
317,EDP - Energias de Portugal,222,European Federation of Energy Traders (EFET)
317,EDP - Energias de Portugal,472,ADENE – Agência para a Energia
317,EDP - Energias de Portugal,76,Unesa - Asociación Española de la Industria Eléctrica
317,EDP - Energias de Portugal,451,CEPS
317,EDP - Energias de Portugal,233,EDSO - European Distribution System Operators' Association
318,Fennovoima Oy,101,Federation of Finnish Enterprises
318,Fennovoima Oy,134,Confederation of Finnish Industries EK
318,Fennovoima Oy,109,FORATOM
318,Fennovoima Oy,99,Finnish Energy Industries
319,A2A,222,European Federation of Energy Traders (EFET)
320,HSE d.o.o.,222,European Federation of Energy Traders (EFET)
320,HSE d.o.o.,153,EURELETRIC
321,"Red Eléctrica de España, SAU",56,EASE – European Association for Storage of Energy
322,TAURON Polska Energia SA,116,Polish Electricity Association - PKEE
322,TAURON Polska Energia SA,233,EDSO - European Distribution System Operators' Association
323,National Grid,244,Energy UK
323,National Grid,243,CCSA - Carbon Capture and Storage Association
323,National Grid,226,GIE - Gas Infrastructure Europe
323,National Grid,84,Friends of the Supergrid
324,ADGER ENERGY,145,GEODE - The Voice of local Energy Distributors across Europe
324,ADGER ENERGY,100,Energy Norway
324,ADGER ENERGY,378,RECS International
325,Statkraft,222,European Federation of Energy Traders (EFET)
325,Statkraft,153,EURELETRIC
325,Statkraft,100,Energy Norway
325,Statkraft,412,International Emmissions Trading Association
325,Statkraft,110,BWE - German Wind Energy Association
325,Statkraft,51,AEBIOM - European Biomass Association
325,Statkraft,127,Swedish Wind Energy Association
326,EDF Energy,244,Energy UK
326,EDF Energy,395,The Prince of Wales’s EU Corporate Leaders Group (EUCLG)
327,EDF,411,Confrontations Europe
327,EDF,96,EWEA - European Wind Energy Association
327,EDF,477,Bundesverband der Energie- und Wasserwirtschaft
327,EDF,92,European heat Pump Association
327,EDF,237,European Ocean Energy Association
327,EDF,59,EPIA - European Photovoltaic Industry Association
327,EDF,150,APREN – the Portuguese Renewable Energy Association
327,EDF,122,French Union of Electricity
327,EDF,395,The Prince of Wales’s EU Corporate Leaders Group (EUCLG)
327,EDF,222,European Federation of Energy Traders (EFET)
327,EDF,67,BusinessEurope
327,EDF,64,Asociación Española de Cogeneración (ACOGEN)
327,EDF,109,FORATOM
327,EDF,153,EURELETRIC
327,EDF,179,MEDEF
327,EDF,56,EASE – European Association for Storage of Energy
327,EDF,188,Smart Energy Demand Coalition
327,EDF,409,CEEP - European Centre of Employers and Enterprises providing Public services
327,EDF,412,International Emmissions Trading Association
327,EDF,173,"FEBEG, the Federation of Belgian Electricity and Gas Companies"
327,EDF,451,CEPS
327,EDF,87,AFEP - Cercle de l'Industrie
328,Repsol,68,Asociación Española de Operadores de Productos Petrolíferos (AOP)
328,Repsol,485,International Gas Union
328,Repsol,154,Fuelseurope
328,Repsol,190,International Association of Oil & Gas Producers - OGP
328,Repsol,67,BusinessEurope
328,Repsol,64,Asociación Española de Cogeneración (ACOGEN)
328,Repsol,170,"Apetro, the National Oil Industry Association of Portugal"
328,Repsol,165,PlasticsEurope
328,Repsol,48,AEGPL - European LPG Association
328,Repsol,103,European Chemical Industry Council – Cefic aisbl
328,Repsol,412,International Emmissions Trading Association
328,Repsol,451,CEPS
329,BKK,100,Energy Norway
329,BKK,378,RECS International
330,E.ON,244,Energy UK
330,E.ON,354,Dii GmbH
330,E.ON,186,Association for District Heating of the Czech Republic (ADHCR)
330,E.ON,161,Danish Energy Association
330,E.ON,126,DENEFF - German Business Association for Energy Efficiency
330,E.ON,96,EWEA - European Wind Energy Association
330,E.ON,477,Bundesverband der Energie- und Wasserwirtschaft
330,E.ON,481,COGEN Europe
330,E.ON,222,European Federation of Energy Traders (EFET)
330,E.ON,153,EURELETRIC
330,E.ON,387,World Green Building Council (Europe Regional Network)
330,E.ON,140,VLAAMSE WINDENERGIE ASSOCIATIE
330,E.ON,188,Smart Energy Demand Coalition
330,E.ON,173,"FEBEG, the Federation of Belgian Electricity and Gas Companies"
330,E.ON,451,CEPS
330,E.ON,408,Climate-Kic
330,E.ON,233,EDSO - European Distribution System Operators' Association
332,"CEZ, a.s",186,Association for District Heating of the Czech Republic (ADHCR)
332,"CEZ, a.s",477,Bundesverband der Energie- und Wasserwirtschaft
332,"CEZ, a.s",222,European Federation of Energy Traders (EFET)
332,"CEZ, a.s",109,FORATOM
332,"CEZ, a.s",153,EURELETRIC
332,"CEZ, a.s",412,International Emmissions Trading Association
332,"CEZ, a.s",233,EDSO - European Distribution System Operators' Association
332,"CEZ, a.s",129,European Nuclear Energy Forum (ENEF)
333,STATOIL,485,International Gas Union
333,STATOIL,244,Energy UK
333,STATOIL,96,EWEA - European Wind Energy Association
333,STATOIL,477,Bundesverband der Energie- und Wasserwirtschaft
333,STATOIL,154,Fuelseurope
333,STATOIL,222,European Federation of Energy Traders (EFET)
333,STATOIL,190,International Association of Oil & Gas Producers - OGP
333,STATOIL,67,BusinessEurope
333,STATOIL,391,Zero Emissions Platform (ZEP)
333,STATOIL,243,CCSA - Carbon Capture and Storage Association
333,STATOIL,412,International Emmissions Trading Association
333,STATOIL,169,UPRIGAS - Union Professionelle des Industries Privées du Gaz
333,STATOIL,451,CEPS
333,STATOIL,155,Federation of Norwegian Industries
334,EDISON,485,International Gas Union
334,EDISON,112,EUROGAS
334,EDISON,222,European Federation of Energy Traders (EFET)
334,EDISON,67,BusinessEurope
334,EDISON,153,EURELETRIC
334,EDISON,226,GIE - Gas Infrastructure Europe
334,EDISON,378,RECS International
334,EDISON,234,ASSOELETTRICA
334,EDISON,106,Confindustria
336,VERBUND AG,204,Wirtschaftskammer Österreich (WKO)
336,VERBUND AG,477,Bundesverband der Energie- und Wasserwirtschaft
336,VERBUND AG,222,European Federation of Energy Traders (EFET)
336,VERBUND AG,153,EURELETRIC
336,VERBUND AG,102,Oesterreichs Energie
336,VERBUND AG,236,IV - Federation of Austrian Industries
338,N.V. Nederlandse Gasunie,485,International Gas Union
338,N.V. Nederlandse Gasunie,252,VNO-NCW and MKB
338,N.V. Nederlandse Gasunie,53,European Biogas Association
338,N.V. Nederlandse Gasunie,477,Bundesverband der Energie- und Wasserwirtschaft
338,N.V. Nederlandse Gasunie,142,MARCOGAZ
338,N.V. Nederlandse Gasunie,226,GIE - Gas Infrastructure Europe
339,ACCIONA,227,AEE - Spanish Wind Power Association
339,ACCIONA,354,Dii GmbH
339,ACCIONA,96,EWEA - European Wind Energy Association
339,ACCIONA,150,APREN – the Portuguese Renewable Energy Association
339,ACCIONA,124,European Solar Thermal Electricity Association ESTELA
339,ACCIONA,395,The Prince of Wales’s EU Corporate Leaders Group (EUCLG)
339,ACCIONA,191,ACI EUROPE (Airports Council International)
340,SHELL,485,International Gas Union
340,SHELL,354,Dii GmbH
340,SHELL,112,EUROGAS
340,SHELL,96,EWEA - European Wind Energy Association
340,SHELL,154,Fuelseurope
340,SHELL,481,COGEN Europe
340,SHELL,222,European Federation of Energy Traders (EFET)
340,SHELL,190,International Association of Oil & Gas Producers - OGP
340,SHELL,67,BusinessEurope
340,SHELL,182,UNIONE PETROLIFERA
340,SHELL,165,PlasticsEurope
340,SHELL,140,VLAAMSE WINDENERGIE ASSOCIATIE
340,SHELL,391,Zero Emissions Platform (ZEP)
340,SHELL,103,European Chemical Industry Council – Cefic aisbl
340,SHELL,243,CCSA - Carbon Capture and Storage Association
340,SHELL,412,International Emmissions Trading Association
340,SHELL,451,CEPS
340,SHELL,87,AFEP - Cercle de l'Industrie
341,ENI,485,International Gas Union
341,ENI,112,EUROGAS
341,ENI,154,Fuelseurope
341,ENI,59,EPIA - European Photovoltaic Industry Association
341,ENI,222,European Federation of Energy Traders (EFET)
341,ENI,190,International Association of Oil & Gas Producers - OGP
341,ENI,67,BusinessEurope
341,ENI,182,UNIONE PETROLIFERA
341,ENI,165,PlasticsEurope
341,ENI,103,European Chemical Industry Council – Cefic aisbl
341,ENI,412,International Emmissions Trading Association
341,ENI,169,UPRIGAS - Union Professionelle des Industries Privées du Gaz
341,ENI,173,"FEBEG, the Federation of Belgian Electricity and Gas Companies"
341,ENI,106,Confindustria
342,GDF SUEZ,485,International Gas Union
342,GDF SUEZ,244,Energy UK
342,GDF SUEZ,354,Dii GmbH
342,GDF SUEZ,112,EUROGAS
342,GDF SUEZ,53,European Biogas Association
342,GDF SUEZ,126,DENEFF - German Business Association for Energy Efficiency
342,GDF SUEZ,96,EWEA - European Wind Energy Association
342,GDF SUEZ,477,Bundesverband der Energie- und Wasserwirtschaft
342,GDF SUEZ,92,European heat Pump Association
342,GDF SUEZ,77,EUROPEAN FEDERATION OF INTELLIGENT ENERGY EFFICIENCY SERVICES
342,GDF SUEZ,237,European Ocean Energy Association
342,GDF SUEZ,59,EPIA - European Photovoltaic Industry Association
342,GDF SUEZ,122,French Union of Electricity
342,GDF SUEZ,481,COGEN Europe
342,GDF SUEZ,222,European Federation of Energy Traders (EFET)
342,GDF SUEZ,190,International Association of Oil & Gas Producers - OGP
342,GDF SUEZ,67,BusinessEurope
342,GDF SUEZ,153,EURELETRIC
342,GDF SUEZ,56,EASE – European Association for Storage of Energy
342,GDF SUEZ,140,VLAAMSE WINDENERGIE ASSOCIATIE
342,GDF SUEZ,412,International Emmissions Trading Association
342,GDF SUEZ,413,EVVE - European Association for the Consumption-based billing of Energy costs
342,GDF SUEZ,226,GIE - Gas Infrastructure Europe
342,GDF SUEZ,169,UPRIGAS - Union Professionelle des Industries Privées du Gaz
342,GDF SUEZ,173,"FEBEG, the Federation of Belgian Electricity and Gas Companies"
342,GDF SUEZ,102,Oesterreichs Energie
342,GDF SUEZ,408,Climate-Kic
342,GDF SUEZ,87,AFEP - Cercle de l'Industrie
342,GDF SUEZ,51,AEBIOM - European Biomass Association
342,GDF SUEZ,127,Swedish Wind Energy Association
343,Vattenfall AB,219,Bundesverband deutscher Wohnungs- und Immobilienunternehmen
343,Vattenfall AB,161,Danish Energy Association
343,Vattenfall AB,96,EWEA - European Wind Energy Association
343,Vattenfall AB,477,Bundesverband der Energie- und Wasserwirtschaft
343,Vattenfall AB,222,European Federation of Energy Traders (EFET)
343,Vattenfall AB,109,FORATOM
343,Vattenfall AB,153,EURELETRIC
343,Vattenfall AB,188,Smart Energy Demand Coalition
343,Vattenfall AB,412,International Emmissions Trading Association
343,Vattenfall AB,180,SVEBIO – Swedish Bioenergy Association
343,Vattenfall AB,451,CEPS
343,Vattenfall AB,233,EDSO - European Distribution System Operators' Association
343,Vattenfall AB,233,EDSO - European Distribution System Operators' Association
343,Vattenfall AB,127,Swedish Wind Energy Association
344,SHV Energy,481,COGEN Europe
344,SHV Energy,48,AEGPL - European LPG Association
345,Wien Energie GmbH,137,"EGEC, the European Geothermal Energy Council"
345,Wien Energie GmbH,89,CEWEP - Confederation of European waste-to-Energy Plants
345,Wien Energie GmbH,102,Oesterreichs Energie
346,FORTUM,149,CIFF - Chemical Industry Federation of Finland
346,FORTUM,134,Confederation of Finnish Industries EK
346,FORTUM,178,Swedenergy AB
346,FORTUM,237,European Ocean Energy Association
346,FORTUM,59,EPIA - European Photovoltaic Industry Association
346,FORTUM,481,COGEN Europe
346,FORTUM,222,European Federation of Energy Traders (EFET)
346,FORTUM,109,FORATOM
346,FORTUM,153,EURELETRIC
346,FORTUM,143,Estonian Renewable Energy Association
346,FORTUM,99,Finnish Energy Industries
346,FORTUM,412,International Emmissions Trading Association
346,FORTUM,89,CEWEP - Confederation of European waste-to-Energy Plants
346,FORTUM,180,SVEBIO – Swedish Bioenergy Association
346,FORTUM,378,RECS International
346,FORTUM,51,AEBIOM - European Biomass Association
346,FORTUM,127,Swedish Wind Energy Association
347,TOTAL,485,International Gas Union
347,TOTAL,112,EUROGAS
347,TOTAL,96,EWEA - European Wind Energy Association
347,TOTAL,154,Fuelseurope
347,TOTAL,59,EPIA - European Photovoltaic Industry Association
347,TOTAL,132,Fedil- Business Federation Luxembourg
347,TOTAL,122,French Union of Electricity
347,TOTAL,222,European Federation of Energy Traders (EFET)
347,TOTAL,190,International Association of Oil & Gas Producers - OGP
347,TOTAL,67,BusinessEurope
347,TOTAL,170,"Apetro, the National Oil Industry Association of Portugal"
347,TOTAL,179,MEDEF
347,TOTAL,165,PlasticsEurope
347,TOTAL,103,European Chemical Industry Council – Cefic aisbl
347,TOTAL,243,CCSA - Carbon Capture and Storage Association
347,TOTAL,412,International Emmissions Trading Association
347,TOTAL,169,UPRIGAS - Union Professionelle des Industries Privées du Gaz
347,TOTAL,207,DVFG – Deutscher Verband Flüssiggas (German LPG association)
347,TOTAL,173,"FEBEG, the Federation of Belgian Electricity and Gas Companies"
347,TOTAL,451,CEPS
347,TOTAL,87,AFEP - Cercle de l'Industrie
347,TOTAL,168,Renewable Energy Association
347,TOTAL,51,AEBIOM - European Biomass Association
348,AREVA,109,FORATOM
348,AREVA,129,European Nuclear Energy Forum (ENEF)
349,Wintershall,477,Bundesverband der Energie- und Wasserwirtschaft
349,Wintershall,190,International Association of Oil & Gas Producers - OGP
350,Valero,154,Fuelseurope
351,RWE,244,Energy UK
351,RWE,227,AEE - Spanish Wind Power Association
351,RWE,354,Dii GmbH
351,RWE,112,EUROGAS
351,RWE,96,EWEA - European Wind Energy Association
351,RWE,477,Bundesverband der Energie- und Wasserwirtschaft
351,RWE,124,European Solar Thermal Electricity Association ESTELA
351,RWE,222,European Federation of Energy Traders (EFET)
351,RWE,153,EURELETRIC
351,RWE,412,International Emmissions Trading Association
351,RWE,129,European Nuclear Energy Forum (ENEF)
352,Bord Gais,184,Electricity Association of Ireland
352,Bord Gais,82,IWEA - Irish Wind Energy Association
353,BP - British Petroleum,68,Asociación Española de Operadores de Productos Petrolíferos (AOP)
353,BP - British Petroleum,485,International Gas Union
353,BP - British Petroleum,466,Deutsches Zentrum für Luft- und Raumfahrt e.V. (DLR) German Aerospace Center
353,BP - British Petroleum,154,Fuelseurope
353,BP - British Petroleum,132,Fedil- Business Federation Luxembourg
353,BP - British Petroleum,222,European Federation of Energy Traders (EFET)
353,BP - British Petroleum,190,International Association of Oil & Gas Producers - OGP
353,BP - British Petroleum,67,BusinessEurope
353,BP - British Petroleum,64,Asociación Española de Cogeneración (ACOGEN)
353,BP - British Petroleum,170,"Apetro, the National Oil Industry Association of Portugal"
353,BP - British Petroleum,182,UNIONE PETROLIFERA
353,BP - British Petroleum,391,Zero Emissions Platform (ZEP)
353,BP - British Petroleum,103,European Chemical Industry Council – Cefic aisbl
353,BP - British Petroleum,243,CCSA - Carbon Capture and Storage Association
353,BP - British Petroleum,412,International Emmissions Trading Association
355,GE - General Electric,244,Energy UK
355,GE - General Electric,227,AEE - Spanish Wind Power Association
355,GE - General Electric,354,Dii GmbH
355,GE - General Electric,96,EWEA - European Wind Energy Association
355,GE - General Electric,379,Confederation Lewiatan
355,GE - General Electric,59,EPIA - European Photovoltaic Industry Association
355,GE - General Electric,481,COGEN Europe
355,GE - General Electric,67,BusinessEurope
355,GE - General Electric,64,Asociación Española de Cogeneración (ACOGEN)
355,GE - General Electric,56,EASE – European Association for Storage of Energy
355,GE - General Electric,476,AmCham - American Chamber of Commerce to the EU
355,GE - General Electric,391,Zero Emissions Platform (ZEP)
355,GE - General Electric,82,IWEA - Irish Wind Energy Association
355,GE - General Electric,99,Finnish Energy Industries
355,GE - General Electric,86,EUTurbines European Association of Gas and Steam Turbine Manufacturers
355,GE - General Electric,84,Friends of the Supergrid
355,GE - General Electric,87,AFEP - Cercle de l'Industrie
355,GE - General Electric,127,Swedish Wind Energy Association
356,ESB - Electriciy Supply Board,244,Energy UK
356,ESB - Electriciy Supply Board,237,European Ocean Energy Association
356,ESB - Electriciy Supply Board,184,Electricity Association of Ireland
356,ESB - Electriciy Supply Board,391,Zero Emissions Platform (ZEP)
356,ESB - Electriciy Supply Board,243,CCSA - Carbon Capture and Storage Association
358,EnBW,137,"EGEC, the European Geothermal Energy Council"
358,EnBW,96,EWEA - European Wind Energy Association
358,EnBW,477,Bundesverband der Energie- und Wasserwirtschaft
358,EnBW,92,European heat Pump Association
358,EnBW,222,European Federation of Energy Traders (EFET)
358,EnBW,153,EURELETRIC
358,EnBW,166,"AGFW | Der Energieeffizienzverband für Wärme, Kälte und KWK e. V"
358,EnBW,233,EDSO - European Distribution System Operators' Association
359,USG - Utility Support Group,252,VNO-NCW and MKB
359,USG - Utility Support Group,123,IFIEC Europe - International Federation of Industrial Energy Consumers
359,USG - Utility Support Group,165,PlasticsEurope
359,USG - Utility Support Group,103,European Chemical Industry Council – Cefic aisbl
359,USG - Utility Support Group,118,VNCI - Association of the Dutch Chemical Industry
375,Union Nationale de la Propriété Immobilière,405,International Union of Property Owners
377,CECODHAS Housing Europe,55,Cooperatives Europe
377,CECODHAS Housing Europe,388,Coalition for Energy Savings
379,Confederation Lewiatan,67,BusinessEurope
380,Club Arc Alpin,28,European Environmental Bureau
382,REScoop 20-20-20,25,APERe
382,REScoop 20-20-20,55,Cooperatives Europe
383,Investment Property Forum (IPF),94,EREF - European reewable Energy Federation
383,Investment Property Forum (IPF),103,European Chemical Industry Council – Cefic aisbl
392,"European Energy Exchange (EEX),",208,Verband Kommunaler Unternehmen (VKU)
392,"European Energy Exchange (EEX),",96,EWEA - European Wind Energy Association
392,"European Energy Exchange (EEX),",477,Bundesverband der Energie- und Wasserwirtschaft
392,"European Energy Exchange (EEX),",222,European Federation of Energy Traders (EFET)
392,"European Energy Exchange (EEX),",412,International Emmissions Trading Association
398,"European Energy Network, EnR",10,"eceee, the European Council for an Energy Efficient Economy"
399,"Euro Coop, the European Community of Consumer Co-operatives",55,Cooperatives Europe
400,Union sociale pour l’habitat,377,CECODHAS Housing Europe
411,Confrontations Europe,464,Commissariat à l’Energie Atomique et aux Energies Alternatives
412,International Emmissions Trading Association,153,EURELETRIC
413,EVVE - European Association for the Consumption-based billing of Energy costs,388,Coalition for Energy Savings
416,REN,153,EURELETRIC
416,REN,226,GIE - Gas Infrastructure Europe
417,Enagas,192,CONFEDERACIÓN ESPAÑOLA DE ORGANIZACIONES EMPRESARIALES
417,Enagas,485,International Gas Union
417,Enagas,195,Spanish Gas Association (SEDIGAS)
417,Enagas,142,MARCOGAZ
417,Enagas,226,GIE - Gas Infrastructure Europe
418,Teknikföretagen,158,Orgalime - European Engineering Industries Association
419,FEDENE Fédération des Services Energie-Environnement,77,EUROPEAN FEDERATION OF INTELLIGENT ENERGY EFFICIENCY SERVICES
420,European Trade Union Confederation,391,Zero Emissions Platform (ZEP)
422,CFE-CGC Industries Electriques et Gazières,254,FECER (Fédération Européenne des Cadres de l'énergie)
422,CFE-CGC Industries Electriques et Gazières,425,industriAll European Trade Union
423,Austrian Trade Union Federation ÖGB (Österreichischer Gewerkschaftsbund),420,European Trade Union Confederation
425,industriAll European Trade Union,420,European Trade Union Confederation
426,TUC,420,European Trade Union Confederation
426,TUC,425,industriAll European Trade Union
427,Vereinte Dienstleistungsgewerkschaft,430,Deutscher Gewerkschaftsbund (DGB)
428,DFK - Die Führungkräfte,254,FECER (Fédération Européenne des Cadres de l'énergie)
430,Deutscher Gewerkschaftsbund (DGB),420,European Trade Union Confederation
432,Scotland Europa,451,CEPS
438,Energy Cities,458,International Association of Public Transport
438,Energy Cities,388,Coalition for Energy Savings
448,ICLEI,408,Climate-Kic
458,International Association of Public Transport,12,European Federation for Transport and Environment AISBL
462,KUNGL. VETENSKAPSAKADEMIEN THE ROYAL SWEDISH ACADEMY OF SCIENCES,465,EASAC European Academies Science Advisory Council
464,Commissariat à l’Energie Atomique et aux Energies Alternatives,408,Climate-Kic
466,Deutsches Zentrum für Luft- und Raumfahrt e.V. (DLR) German Aerospace Center,124,European Solar Thermal Electricity Association ESTELA
472,ADENE – Agência para a Energia,398,"European Energy Network, EnR"
475,EU Umweltbüro,40,Umwelt Dachverband
476,AmCham - American Chamber of Commerce to the EU,451,CEPS
477,Bundesverband der Energie- und Wasserwirtschaft,112,EUROGAS
477,Bundesverband der Energie- und Wasserwirtschaft,239,Chance for Buildings
477,Bundesverband der Energie- und Wasserwirtschaft,62,EUROPEAN FEDERATION OF NATIONAL ASSOCIATIONS OF WATER AND WASTE WATER SERVICES
477,Bundesverband der Energie- und Wasserwirtschaft,153,EURELETRIC
478,BORD NA MÓNA POWERGEN,184,Electricity Association of Ireland
478,BORD NA MÓNA POWERGEN,184,Electricity Association of Ireland
478,BORD NA MÓNA POWERGEN,187,Irish Business and Employers Confederation
478,BORD NA MÓNA POWERGEN,82,IWEA - Irish Wind Energy Association
478,BORD NA MÓNA POWERGEN,51,AEBIOM - European Biomass Association
480,The European Committee of Domestic Equipment Manufacturers (CECED),10,"eceee, the European Council for an Energy Efficient Economy"
480,The European Committee of Domestic Equipment Manufacturers (CECED),188,Smart Energy Demand Coalition
480,The European Committee of Domestic Equipment Manufacturers (CECED),388,Coalition for Energy Savings
481,COGEN Europe,388,Coalition for Energy Savings
482,Confederation of Paper Industries (UK),242,Confederation of European Paper Industries
483,"EEF, the manufacturers’ organisation/ UK Steel",224,EUROFER - European Steel Association
