Lobby ID,source,est affilié à,Lobby ID,target
13073098010-57,Swedenergy AB,est affilié à,00098856602-24,GEODE - The Voice of local Energy Distributors across Europe
516404410590-13,ADGER ENERGY,est affilié à,00098856602-24,GEODE - The Voice of local Energy Distributors across Europe
68861821910-84,Finnish Energy Industries,est affilié à,00098856602-24,GEODE - The Voice of local Energy Distributors across Europe
80966174852-38,Oesterreichs Energie,est affilié à,00098856602-24,GEODE - The Voice of local Energy Distributors across Europe
,Czech Chamber of Commerce,est affilié à,0014082722-83,EUROCHAMBRES – The Association of European Chambers of Commerce and Industry
10405322962-08,Wirtschaftskammer Österreich (WKO),est affilié à,0014082722-83,EUROCHAMBRES – The Association of European Chambers of Commerce and Industry
22400601191-42,DIHK - Deutscher Industrie- und Handelskammertag,est affilié à,0014082722-83,EUROCHAMBRES – The Association of European Chambers of Commerce and Industry
702214911454-33,Voka – Vlaams netwerk van ondernemingen,est affilié à,0014082722-83,EUROCHAMBRES – The Association of European Chambers of Commerce and Industry
318640620183-35,Inter-Environnement Wallonie,est affilié à,00723343929-96,HEAL
089167355-44,Bundesverband deutscher Wohnungs- und Immobilienunternehmen,est affilié à,0124622797-55,CECODHAS Housing Europe
51553694127-62,Union sociale pour l’habitat,est affilié à,0124622797-55,CECODHAS Housing Europe
68193894090-86,Confcooperative,est affilié à,0124622797-55,CECODHAS Housing Europe
00098856602-24,GEODE - The Voice of local Energy Distributors across Europe,est affilié à,014218910510-57,"EEF, the manufacturers’ organisation/ UK Steel"
10257354120-19,Neste Oil Corporation,est affilié à,014218910510-57,"EEF, the manufacturers’ organisation/ UK Steel"
39966101835-69,EDF,est affilié à,01995086879-32,Confrontations Europe
64879142323-90,European Chemical Industry Council – Cefic aisbl,est affilié à,01995086879-32,Confrontations Europe
56592866496-47,EDP - Energias de Portugal,est affilié à,022255314501-32,CIP – Confederation of Portuguese Business
032095416055-85,Asociación Española de Operadores de Productos Petrolíferos (AOP),est affilié à,02963738854-41,CONFEDERACIÓN ESPAÑOLA DE ORGANIZACIONES EMPRESARIALES
172134011452-07,Spanish Gas Association (SEDIGAS),est affilié à,02963738854-41,CONFEDERACIÓN ESPAÑOLA DE ORGANIZACIONES EMPRESARIALES
406700112988-86,Asociación Española de Cogeneración (ACOGEN),est affilié à,02963738854-41,CONFEDERACIÓN ESPAÑOLA DE ORGANIZACIONES EMPRESARIALES
67833029261-54,Gas Natural Fenosa,est affilié à,02963738854-41,CONFEDERACIÓN ESPAÑOLA DE ORGANIZACIONES EMPRESARIALES
849997016104-66,Unesa - Asociación Española de la Industria Eléctrica,est affilié à,02963738854-41,CONFEDERACIÓN ESPAÑOLA DE ORGANIZACIONES EMPRESARIALES
905001612275-82,Enagas,est affilié à,02963738854-41,CONFEDERACIÓN ESPAÑOLA DE ORGANIZACIONES EMPRESARIALES
3394026642-58,BP - British Petroleum,est affilié à,032095416055-85,Asociación Española de Operadores de Productos Petrolíferos (AOP)
69240395197-02,Repsol,est affilié à,032095416055-85,Asociación Española de Operadores de Productos Petrolíferos (AOP)
983954218683-60,REScoop 20-20-20,est affilié à,035225320599-22,APERe
1733114388-50,Danish Energy Association,est affilié à,06436048400-37,FECER (Fédération Européenne des Cadres de l'énergie)
69851845452-33,CFE-CGC Industries Electriques et Gazières,est affilié à,06436048400-37,FECER (Fédération Européenne des Cadres de l'énergie)
88787562806-65,DFK - Die Führungkräfte,est affilié à,06436048400-37,FECER (Fédération Européenne des Cadres de l'énergie)
6025320863-10,ETRMA - European Tyre & Rubber Manufacturers Association,est affilié à,0649790813-47 ,ACEA
07595112423-87,Deutscher Gewerkschaftsbund (DGB),est affilié à,06698681039-26,European Trade Union Confederation
358284014848-82,industriAll European Trade Union,est affilié à,06698681039-26,European Trade Union Confederation
43246044354-41,Austrian Trade Union Federation ÖGB (Österreichischer Gewerkschaftsbund),est affilié à,06698681039-26,European Trade Union Confederation
77510791109-40,TUC,est affilié à,06698681039-26,European Trade Union Confederation
0285583802-96,Nature and Biodiversity Conservation Union (NABU),est affilié à,06798511314-27,European Environmental Bureau
29934726424-76,Bellona Foundation,est affilié à,06798511314-27,European Environmental Bureau
318640620183-35,Inter-Environnement Wallonie,est affilié à,06798511314-27,European Environmental Bureau
730024411461-80,Umwelt Dachverband,est affilié à,06798511314-27,European Environmental Bureau
74535104992-35,Green Budget Europe (GBE),est affilié à,06798511314-27,European Environmental Bureau
83237681344-24,Bund für Umwelt und Naturschutz Deutschland,est affilié à,06798511314-27,European Environmental Bureau
96645517357-19,ClientEarth,est affilié à,06798511314-27,European Environmental Bureau
98430135820-35,DNR - Deutscher Naturschutzring,est affilié à,06798511314-27,European Environmental Bureau
,Club Arc Alpin,est affilié à,06798511314-27,European Environmental Bureau
11514322965-05,Energy Cities,est affilié à,06869148182-50,International Association of Public Transport
17284292859-45,Stadtwerke München GmbH,est affilié à,06869148182-50,International Association of Public Transport
9624415524-28,UNIFE - the European Rail Industry,est affilié à,06869148182-50,International Association of Public Transport
80003592094-64,"UEPC, European Union of Developers and House Builders",est affilié à,070444714545-60,"European Landowners' Association, European Property Federation, European Group of Valuers' Associations, European Historic Houses Association"
51375423794-46,Fennovoima Oy,est affilié à,07265875082-72,Federation of Finnish Enterprises
68861821910-84,Finnish Energy Industries,est affilié à,07265875082-72,Federation of Finnish Enterprises
16178359495-57,Vereinte Dienstleistungsgewerkschaft,est affilié à,07595112423-87,Deutscher Gewerkschaftsbund (DGB)
981167323458-75,"IG BCE (Industriegewerkschaft Bergbau, Chemie, Energie)",est affilié à,07595112423-87,Deutscher Gewerkschaftsbund (DGB)
013755513854-45,Borealis AG,est affilié à,07682415745-25,CIFF - Chemical Industry Federation of Finland
03501997362-71,FORTUM,est affilié à,07682415745-25,CIFF - Chemical Industry Federation of Finland
10257354120-19,Neste Oil Corporation,est affilié à,07682415745-25,CIFF - Chemical Industry Federation of Finland
519256623442-26,LKAB,est affilié à,07682415745-25,CIFF - Chemical Industry Federation of Finland
7410939793-88,BASF,est affilié à,07682415745-25,CIFF - Chemical Industry Federation of Finland
12955024114-93,Vattenfall AB,est affilié à,089167355-44,Bundesverband deutscher Wohnungs- und Immobilienunternehmen
971446611568-25,Knauf Insulation,est affilié à,089167355-44,Bundesverband deutscher Wohnungs- und Immobilienunternehmen
36636102190-34,OBB,est affilié à,0935153658-47,Union des Industries Chimiques - UIC
454264611835-56,PlasticsEurope,est affilié à,0935153658-47,Union des Industries Chimiques - UIC
1634450483-86,Danish Agriculture & Food Council,est affilié à,09586631237-74,COPA-COGECA
23029147081-37,British Agriculture Bureau,est affilié à,09586631237-74,COPA-COGECA
56039441735-48,Central Union of Agricultural producers and Forest Owners - MTB,est affilié à,09586631237-74,COPA-COGECA
66690371529-15,Landwirtschaftskammer Österreich,est affilié à,09586631237-74,COPA-COGECA
68193894090-86,Confcooperative,est affilié à,09586631237-74,COPA-COGECA
73085531345-65,Deutscher Bauernverband (DBV) - German Farmers,est affilié à,09586631237-74,COPA-COGECA
09571422185-81,VERBUND AG,est affilié à,10405322962-08,Wirtschaftskammer Österreich (WKO)
94274031992-65,OMV Aktiengesellschaft,est affilié à,10405322962-08,Wirtschaftskammer Österreich (WKO)
,Austropapier - Confederation of Austrian Pulp and Paper industries,est affilié à,10405322962-08,Wirtschaftskammer Österreich (WKO)
0285583802-96,Nature and Biodiversity Conservation Union (NABU),est affilié à,1083162721-43 ,BirdLife Europe
06877217926-31,ENEL,est affilié à,11458103335-07,"EGEC, the European Geothermal Energy Council"
13324391892-74,EnBW,est affilié à,11458103335-07,"EGEC, the European Geothermal Energy Council"
541969311624-32,Wien Energie GmbH,est affilié à,11458103335-07,"EGEC, the European Geothermal Energy Council"
82064144358-30,APPA - Spanish Renewable Energy Association,est affilié à,11458103335-07,"EGEC, the European Geothermal Energy Council"
03501997362-71,FORTUM,est affilié à,1274604847-34,Confederation of Finnish Industries EK
07682415745-25,CIFF - Chemical Industry Federation of Finland,est affilié à,1274604847-34,Confederation of Finnish Industries EK
39705603497-38,Federation Finnish Technology Industries,est affilié à,1274604847-34,Confederation of Finnish Industries EK
51375423794-46,Fennovoima Oy,est affilié à,1274604847-34,Confederation of Finnish Industries EK
68861821910-84,Finnish Energy Industries,est affilié à,1274604847-34,Confederation of Finnish Industries EK
06877217926-31,ENEL,est affilié à,12955024114-93,Vattenfall AB
1274604847-34,Vattenfall AB,est affilié à,12955024114-93,Vattenfall AB
39966101835-69,EDF,est affilié à,12955024114-93,Vattenfall AB
4016736872-59,GE - General Electric,est affilié à,12955024114-93,Vattenfall AB
46302264606-44,Schneider Electric,est affilié à,12955024114-93,Vattenfall AB
72760517350-57,E.ON,est affilié à,12955024114-93,Vattenfall AB
870817015429-80,DONG Energy,est affilié à,12955024114-93,Vattenfall AB
03501997362-71,FORTUM,est affilié à,13073098010-57,Swedenergy AB
05032108616-26,SHELL,est affilié à,13083157825-94,International Gas Union
172134011452-07,Spanish Gas Association (SEDIGAS),est affilié à,13083157825-94,International Gas Union
17909506129-41,EUROGAS,est affilié à,13083157825-94,International Gas Union
1849405799-88,TOTAL,est affilié à,13083157825-94,International Gas Union
29967294656-11,N.V. Nederlandse Gasunie,est affilié à,13083157825-94,International Gas Union
3394026642-58,BP - British Petroleum,est affilié à,13083157825-94,International Gas Union
401111262-07,EDISON,est affilié à,13083157825-94,International Gas Union
4447605981-76,STATOIL,est affilié à,13083157825-94,International Gas Union
57944346163-37,MARCOGAZ,est affilié à,13083157825-94,International Gas Union
63503202933-02,AEGPL - European LPG Association,est affilié à,13083157825-94,International Gas Union
67833029261-54,Gas Natural Fenosa,est affilié à,13083157825-94,International Gas Union
69240395197-02,Repsol,est affilié à,13083157825-94,International Gas Union
76130992074-15,GIE - Gas Infrastructure Europe,est affilié à,13083157825-94,International Gas Union
905001612275-82,Enagas,est affilié à,13083157825-94,International Gas Union
90947457424-20,GDF SUEZ,est affilié à,13083157825-94,International Gas Union
94274031992-65,OMV Aktiengesellschaft,est affilié à,13083157825-94,International Gas Union
99578067285-35,ENI,est affilié à,13083157825-94,International Gas Union
02430347902-54,Eneco,est affilié à,13255254129-80,VNO-NCW and MKB
29967294656-11,N.V. Nederlandse Gasunie,est affilié à,13255254129-80,VNO-NCW and MKB
530617716398-33,USG - Utility Support Group,est affilié à,13255254129-80,VNO-NCW and MKB
78753091151-50,VNCI - Association of the Dutch Chemical Industry,est affilié à,13255254129-80,VNO-NCW and MKB
,Vereniging Nederlandse Glasfabrikanten - VNG,est affilié à,13255254129-80,VNO-NCW and MKB
744827611137-47,KUNGL. VETENSKAPSAKADEMIEN THE ROYAL SWEDISH ACADEMY OF SCIENCES,est affilié à,133236011647-58,EASAC European Academies Science Advisory Council
241656822426-29,ESB - Electriciy Supply Board,est affilié à,13457582538-68,Energy UK
4016736872-59,GE - General Electric,est affilié à,13457582538-68,Energy UK
41816938101-07,Iberdola,est affilié à,13457582538-68,Energy UK
43284012043-03,ALSTOM,est affilié à,13457582538-68,Energy UK
4447605981-76,STATOIL,est affilié à,13457582538-68,Energy UK
56039866688-26,National Grid,est affilié à,13457582538-68,Energy UK
64436972598-17,SSE,est affilié à,13457582538-68,Energy UK
72760517350-57,E.ON,est affilié à,13457582538-68,Energy UK
77608353460-77,RWE,est affilié à,13457582538-68,Energy UK
870817015429-80,DONG Energy,est affilié à,13457582538-68,Energy UK
90947457424-20,GDF SUEZ,est affilié à,13457582538-68,Energy UK
,EDF Energy,est affilié à,13457582538-68,Energy UK
35832214158-18,Wirtschaftskammer Österreich (WKO) Fachverband Steine - Keramik,est affilié à,14190001484-01,Industrial Minerals Association Europe
780146710855-91,European Lime Association,est affilié à,14190001484-01,Industrial Minerals Association Europe
09579576238-53,"European Energy Exchange (EEX),",est affilié à,1420587986-32,Verband Kommunaler Unternehmen (VKU)
17284292859-45,Stadtwerke München GmbH,est affilié à,1420587986-32,Verband Kommunaler Unternehmen (VKU)
91425447458-88,3M,est affilié à,143035111648-31,EMIRI - Energy Materials Industrial Research Initiative
454264611835-56,PlasticsEurope,est affilié à,151425218350-89,Investment Property Forum (IPF)
49913771894-86,Industrievereinigung Chemiefaser (IVC),est affilié à,151425218350-89,Investment Property Forum (IPF)
,Drujba Glassworks S.A.,est affilié à,1550133398-72,FEVE - the European Container Glass Federation
,Yioula Glassworks,est affilié à,1550133398-72,FEVE - the European Container Glass Federation
595041411471-64,German Biogas Association (GBA),est affilié à,15511499334-46,Bundesverband Erneuerbare Energie e.V.
952632114087-19,BWE - German Wind Energy Association,est affilié à,15511499334-46,Bundesverband Erneuerbare Energie e.V.
06877217926-31,ENEL,est affilié à,157030317994-18,AEE - Spanish Wind Power Association
4016736872-59,GE - General Electric,est affilié à,157030317994-18,AEE - Spanish Wind Power Association
41816938101-07,Iberdola,est affilié à,157030317994-18,AEE - Spanish Wind Power Association
451019811573-55 ,ACCIONA,est affilié à,157030317994-18,AEE - Spanish Wind Power Association
67833029261-54,Gas Natural Fenosa,est affilié à,157030317994-18,AEE - Spanish Wind Power Association
769186224869-06,VESTAS,est affilié à,157030317994-18,AEE - Spanish Wind Power Association
77608353460-77,RWE,est affilié à,157030317994-18,AEE - Spanish Wind Power Association
,ENERCON,est affilié à,157030317994-18,AEE - Spanish Wind Power Association
,RSA Insurance,est affilié à,157030317994-18,AEE - Spanish Wind Power Association
608923211432-08 ,Fédération de l'Industrie du Verre asbl,est affilié à,15997912445-80,Glass for Europe
841386910709-86,Assovetro,est affilié à,15997912445-80,Glass for Europe
,French Glass Association,est affilié à,15997912445-80,Glass for Europe
05032108616-26,SHELL,est affilié à,16020059773-15  ,Dii GmbH
05233891201-35,First Solar GmbH,est affilié à,16020059773-15  ,Dii GmbH
06877217926-31,ENEL,est affilié à,16020059773-15  ,Dii GmbH
347776811076-78,European Solar Thermal Electricity Association ESTELA,est affilié à,16020059773-15  ,Dii GmbH
4016736872-59,GE - General Electric,est affilié à,16020059773-15  ,Dii GmbH
451019811573-55 ,ACCIONA,est affilié à,16020059773-15  ,Dii GmbH
72760517350-57,E.ON,est affilié à,16020059773-15  ,Dii GmbH
7410939793-88,BASF,est affilié à,16020059773-15  ,Dii GmbH
77608353460-77,RWE,est affilié à,16020059773-15  ,Dii GmbH
90947457424-20,GDF SUEZ,est affilié à,16020059773-15  ,Dii GmbH
91425447458-88,3M,est affilié à,16020059773-15  ,Dii GmbH
035225320599-22,APERe,est affilié à,1651695283-80 ,INFORSE-Europe
48677174683-66,EREF - European reewable Energy Federation,est affilié à,1651695283-80 ,INFORSE-Europe
927189614844-23,NOAH Friends of the Earth Denmark,est affilié à,1651695283-80 ,INFORSE-Europe
429600710582-32,"CEZ, a.s",est affilié à,169439010937-02,Association for District Heating of the Czech Republic (ADHCR)
72103751229-92,VEOLIA ENVIRONNEMENT,est affilié à,169439010937-02,Association for District Heating of the Czech Republic (ADHCR)
72760517350-57,E.ON,est affilié à,169439010937-02,Association for District Heating of the Czech Republic (ADHCR)
0124622797-55,CECODHAS Housing Europe,est affilié à,16999985032-07,Cooperatives Europe
089167355-44,Bundesverband deutscher Wohnungs- und Immobilienunternehmen,est affilié à,16999985032-07,Cooperatives Europe
09586631237-74,COPA-COGECA,est affilié à,16999985032-07,Cooperatives Europe
1634450483-86,Danish Agriculture & Food Council,est affilié à,16999985032-07,Cooperatives Europe
3819438251-87,"Euro Coop, the European Community of Consumer Co-operatives",est affilié à,16999985032-07,Cooperatives Europe
68193894090-86,Confcooperative,est affilié à,16999985032-07,Cooperatives Europe
983954218683-60,REScoop 20-20-20,est affilié à,16999985032-07,Cooperatives Europe
,Co-operatives UK,est affilié à,16999985032-07,Cooperatives Europe
41816938101-07,Iberdola,est affilié à,172134011452-07,Spanish Gas Association (SEDIGAS)
56592866496-47,EDP - Energias de Portugal,est affilié à,172134011452-07,Spanish Gas Association (SEDIGAS)
67833029261-54,Gas Natural Fenosa,est affilié à,172134011452-07,Spanish Gas Association (SEDIGAS)
905001612275-82,Enagas,est affilié à,172134011452-07,Spanish Gas Association (SEDIGAS)
12955024114-93,Vattenfall AB,est affilié à,1733114388-50,Danish Energy Association
72760517350-57,E.ON,est affilié à,1733114388-50,Danish Energy Association
870817015429-80,DONG Energy,est affilié à,1733114388-50,Danish Energy Association
02430347902-54,Eneco,est affilié à,17909506129-41,EUROGAS
05032108616-26,SHELL,est affilié à,17909506129-41,EUROGAS
06877217926-31,ENEL,est affilié à,17909506129-41,EUROGAS
13457582538-68,Energy UK,est affilié à,17909506129-41,EUROGAS
172134011452-07,Spanish Gas Association (SEDIGAS),est affilié à,17909506129-41,EUROGAS
1849405799-88,TOTAL,est affilié à,17909506129-41,EUROGAS
20457441380-38,Bundesverband der Energie- und Wasserwirtschaft,est affilié à,17909506129-41,EUROGAS
319496319069-35,Anigas – Associazione Nazionale Industriali Gas,est affilié à,17909506129-41,EUROGAS
401111262-07,EDISON,est affilié à,17909506129-41,EUROGAS
41816938101-07,Iberdola,est affilié à,17909506129-41,EUROGAS
56592866496-47,EDP - Energias de Portugal,est affilié à,17909506129-41,EUROGAS
57944346163-37,MARCOGAZ,est affilié à,17909506129-41,EUROGAS
67833029261-54,Gas Natural Fenosa,est affilié à,17909506129-41,EUROGAS
77608353460-77,RWE,est affilié à,17909506129-41,EUROGAS
90947457424-20,GDF SUEZ,est affilié à,17909506129-41,EUROGAS
99578067285-35,ENI,est affilié à,17909506129-41,EUROGAS
29967294656-11,N.V. Nederlandse Gasunie,est affilié à,18191445640-83,European Biogas Association
595041411471-64,German Biogas Association (GBA),est affilié à,18191445640-83,European Biogas Association
870817015429-80,DONG Energy,est affilié à,18191445640-83,European Biogas Association
90947457424-20,GDF SUEZ,est affilié à,18191445640-83,European Biogas Association
97560524441-16,Renewable Energy Association,est affilié à,18191445640-83,European Biogas Association
,EDORA,est affilié à,18191445640-83,European Biogas Association
423142010527-25,VELUX Group,est affilié à,19736167705-91,DENEFF - German Business Association for Energy Efficiency
46302264606-44,Schneider Electric,est affilié à,19736167705-91,DENEFF - German Business Association for Energy Efficiency
72103751229-92,VEOLIA ENVIRONNEMENT,est affilié à,19736167705-91,DENEFF - German Business Association for Energy Efficiency
72760517350-57,E.ON,est affilié à,19736167705-91,DENEFF - German Business Association for Energy Efficiency
870817015429-80,DONG Energy,est affilié à,19736167705-91,DENEFF - German Business Association for Energy Efficiency
90947457424-20,GDF SUEZ,est affilié à,19736167705-91,DENEFF - German Business Association for Energy Efficiency
91425447458-88,3M,est affilié à,19736167705-91,DENEFF - German Business Association for Energy Efficiency
971446611568-25,Knauf Insulation,est affilié à,19736167705-91,DENEFF - German Business Association for Energy Efficiency
34954249295-81,Verband der Industriellen Energie- und Kraftwirtschaft,est affilié à,1978775156-31,IFIEC Europe - International Federation of Industrial Energy Consumers
394158311340-73  ,Association of Large Energy Consumers (SVSE),est affilié à,1978775156-31,IFIEC Europe - International Federation of Industrial Energy Consumers
45060553191-59,Hydro,est affilié à,1978775156-31,IFIEC Europe - International Federation of Industrial Energy Consumers
530617716398-33,USG - Utility Support Group,est affilié à,1978775156-31,IFIEC Europe - International Federation of Industrial Energy Consumers
93987316076-63,"CEMBUREAU, the European Cement Association",est affilié à,1978775156-31,IFIEC Europe - International Federation of Industrial Energy Consumers
9434415651-11,Federation of Norwegian Industries,est affilié à,1978775156-31,IFIEC Europe - International Federation of Industrial Energy Consumers
02430347902-54,Eneco,est affilié à,19920706471-21,EWEA - European Wind Energy Association
05032108616-26,SHELL,est affilié à,19920706471-21,EWEA - European Wind Energy Association
06877217926-31,ENEL,est affilié à,19920706471-21,EWEA - European Wind Energy Association
09579576238-53,"European Energy Exchange (EEX),",est affilié à,19920706471-21,EWEA - European Wind Energy Association
12955024114-93,Vattenfall AB,est affilié à,19920706471-21,EWEA - European Wind Energy Association
13324391892-74,EnBW,est affilié à,19920706471-21,EWEA - European Wind Energy Association
157030317994-18,AEE - Spanish Wind Power Association,est affilié à,19920706471-21,EWEA - European Wind Energy Association
1849405799-88,TOTAL,est affilié à,19920706471-21,EWEA - European Wind Energy Association
29528175589-79,APREN – the Portuguese Renewable Energy Association,est affilié à,19920706471-21,EWEA - European Wind Energy Association
39966101835-69,EDF,est affilié à,19920706471-21,EWEA - European Wind Energy Association
4016736872-59,GE - General Electric,est affilié à,19920706471-21,EWEA - European Wind Energy Association
41816938101-07,Iberdola,est affilié à,19920706471-21,EWEA - European Wind Energy Association
4447605981-76,STATOIL,est affilié à,19920706471-21,EWEA - European Wind Energy Association
451019811573-55 ,ACCIONA,est affilié à,19920706471-21,EWEA - European Wind Energy Association
46302264606-44,Schneider Electric,est affilié à,19920706471-21,EWEA - European Wind Energy Association
561606712956-58,VLAAMSE WINDENERGIE ASSOCIATIE,est affilié à,19920706471-21,EWEA - European Wind Energy Association
56592866496-47,EDP - Energias de Portugal,est affilié à,19920706471-21,EWEA - European Wind Energy Association
66441154246-76,IWEA - Irish Wind Energy Association,est affilié à,19920706471-21,EWEA - European Wind Energy Association
68861821910-84,Finnish Energy Industries,est affilié à,19920706471-21,EWEA - European Wind Energy Association
72760517350-57,E.ON,est affilié à,19920706471-21,EWEA - European Wind Energy Association
7410939793-88,BASF,est affilié à,19920706471-21,EWEA - European Wind Energy Association
769186224869-06,VESTAS,est affilié à,19920706471-21,EWEA - European Wind Energy Association
77608353460-77,RWE,est affilié à,19920706471-21,EWEA - European Wind Energy Association
870817015429-80,DONG Energy,est affilié à,19920706471-21,EWEA - European Wind Energy Association
90947457424-20,GDF SUEZ,est affilié à,19920706471-21,EWEA - European Wind Energy Association
952632114087-19,BWE - German Wind Energy Association,est affilié à,19920706471-21,EWEA - European Wind Energy Association
,"Alliance of the Producers of Ecological Energy-BG, the Bulgarian Photovoltaic Association, the Bulgarian Wind Energy Association and the Romanian Photovoltaic Industry Association",est affilié à,19920706471-21,EWEA - European Wind Energy Association
,APER - Associazione Produttori Energia Rinnovabile,est affilié à,19920706471-21,EWEA - European Wind Energy Association
,EDORA,est affilié à,19920706471-21,EWEA - European Wind Energy Association
,ENERCON,est affilié à,19920706471-21,EWEA - European Wind Energy Association
,Renewable UK,est affilié à,19920706471-21,EWEA - European Wind Energy Association
,RES Group,est affilié à,19920706471-21,EWEA - European Wind Energy Association
,Swedish Wind Energy Association,est affilié à,19920706471-21,EWEA - European Wind Energy Association
257226411720-38,Teknikföretagen,est affilié à,20210641335-88,Orgalime - European Engineering Industries Association
26207914726-42,Fuelseurope,est affilié à,20210641335-88,Orgalime - European Engineering Industries Association
39705603497-38,Federation Finnish Technology Industries,est affilié à,20210641335-88,Orgalime - European Engineering Industries Association
46302264606-44,Schneider Electric,est affilié à,20210641335-88,Orgalime - European Engineering Industries Association
479468313744-50,Irish Business and Employers Confederation,est affilié à,20210641335-88,Orgalime - European Engineering Industries Association
9434415651-11,Federation of Norwegian Industries,est affilié à,20210641335-88,Orgalime - European Engineering Industries Association
05233891201-35,First Solar GmbH,est affilié à,20457441380-38,Bundesverband der Energie- und Wasserwirtschaft
09571422185-81,VERBUND AG,est affilié à,20457441380-38,Bundesverband der Energie- und Wasserwirtschaft
09579576238-53,"European Energy Exchange (EEX),",est affilié à,20457441380-38,Bundesverband der Energie- und Wasserwirtschaft
12955024114-93,Vattenfall AB,est affilié à,20457441380-38,Bundesverband der Energie- und Wasserwirtschaft
13324391892-74,EnBW,est affilié à,20457441380-38,Bundesverband der Energie- und Wasserwirtschaft
17284292859-45,Stadtwerke München GmbH,est affilié à,20457441380-38,Bundesverband der Energie- und Wasserwirtschaft
29967294656-11,N.V. Nederlandse Gasunie,est affilié à,20457441380-38,Bundesverband der Energie- und Wasserwirtschaft
39966101835-69,EDF,est affilié à,20457441380-38,Bundesverband der Energie- und Wasserwirtschaft
429600710582-32,"CEZ, a.s",est affilié à,20457441380-38,Bundesverband der Energie- und Wasserwirtschaft
4447605981-76,STATOIL,est affilié à,20457441380-38,Bundesverband der Energie- und Wasserwirtschaft
72760517350-57,E.ON,est affilié à,20457441380-38,Bundesverband der Energie- und Wasserwirtschaft
75093131694-63,EUTurbines European Association of Gas and Steam Turbine Manufacturers,est affilié à,20457441380-38,Bundesverband der Energie- und Wasserwirtschaft
75729476306-17,Wintershall,est affilié à,20457441380-38,Bundesverband der Energie- und Wasserwirtschaft
77608353460-77,RWE,est affilié à,20457441380-38,Bundesverband der Energie- und Wasserwirtschaft
870817015429-80,DONG Energy,est affilié à,20457441380-38,Bundesverband der Energie- und Wasserwirtschaft
90947457424-20,GDF SUEZ,est affilié à,20457441380-38,Bundesverband der Energie- und Wasserwirtschaft
46302264606-44,Schneider Electric,est affilié à,20943263315-44,EU-BAC European Building Automation and Controls Association
3394026642-58,BP - British Petroleum,est affilié à,21280626733-05,Deutsches Zentrum für Luft- und Raumfahrt e.V. (DLR) German Aerospace Center
43284012043-03,ALSTOM,est affilié à,21280626733-05,Deutsches Zentrum für Luft- und Raumfahrt e.V. (DLR) German Aerospace Center
255548111478-45,"Swedish Recycling Industries´ Assocation, SRI",est affilié à,2157643512-49,FEAD - European Federation of Waste Management and Environmental Services
9434415651-11,Federation of Norwegian Industries,est affilié à,2157643512-49,FEAD - European Federation of Waste Management and Environmental Services
23643001178-02,European heat Pump Association,est affilié à,22276738915-67,EPEE - European Partnership of Energy and environment
46302264606-44,Schneider Electric,est affilié à,22276738915-67,EPEE - European Partnership of Energy and environment
64879142323-90,European Chemical Industry Council – Cefic aisbl,est affilié à,22276738915-67,EPEE - European Partnership of Energy and environment
17284292859-45,Stadtwerke München GmbH,est affilié à,22400601191-42,DIHK - Deutscher Industrie- und Handelskammertag
13324391892-74,EnBW,est affilié à,23643001178-02,European heat Pump Association
1733114388-50,Danish Energy Association,est affilié à,23643001178-02,European heat Pump Association
22276738915-67,EPEE - European Partnership of Energy and environment,est affilié à,23643001178-02,European heat Pump Association
39966101835-69,EDF,est affilié à,23643001178-02,European heat Pump Association
90947457424-20,GDF SUEZ,est affilié à,23643001178-02,European heat Pump Association
4271427696-87,EURELETRIC,est affilié à,241656822426-29,ESB - Electriciy Supply Board
4016736872-59,GE - General Electric,est affilié à,251117611140-75,Confederation Lewiatan
plus enregistré 342012711453-30 ,ENEA Trading,est affilié à,255859710443-50,Polish Electricity Association - PKEE
,TAURON Polska Energia SA,est affilié à,255859710443-50,Polish Electricity Association - PKEE
72103751229-92,VEOLIA ENVIRONNEMENT,est affilié à,25748484862-49,EUROPEAN FEDERATION OF INTELLIGENT ENERGY EFFICIENCY SERVICES
90947457424-20,GDF SUEZ,est affilié à,25748484862-49,EUROPEAN FEDERATION OF INTELLIGENT ENERGY EFFICIENCY SERVICES
,FEDENE Fédération des Services Energie-Environnement,est affilié à,25748484862-49,EUROPEAN FEDERATION OF INTELLIGENT ENERGY EFFICIENCY SERVICES
05032108616-26,SHELL,est affilié à,26207914726-42,Fuelseurope
10257354120-19,Neste Oil Corporation,est affilié à,26207914726-42,Fuelseurope
1849405799-88,TOTAL,est affilié à,26207914726-42,Fuelseurope
3394026642-58,BP - British Petroleum,est affilié à,26207914726-42,Fuelseurope
344826112965-44,INEOS,est affilié à,26207914726-42,Fuelseurope
424387214082-04,"Apetro, the National Oil Industry Association of Portugal",est affilié à,26207914726-42,Fuelseurope
4447605981-76,STATOIL,est affilié à,26207914726-42,Fuelseurope
69240395197-02,Repsol,est affilié à,26207914726-42,Fuelseurope
94274031992-65,OMV Aktiengesellschaft,est affilié à,26207914726-42,Fuelseurope
98019938020-21,Valero,est affilié à,26207914726-42,Fuelseurope
99578067285-35,ENI,est affilié à,26207914726-42,Fuelseurope
03501997362-71,FORTUM,est affilié à,264048311507-68,European Ocean Energy Association
06877217926-31,ENEL,est affilié à,264048311507-68,European Ocean Energy Association
241656822426-29,ESB - Electriciy Supply Board,est affilié à,264048311507-68,European Ocean Energy Association
39966101835-69,EDF,est affilié à,264048311507-68,European Ocean Energy Association
43284012043-03,ALSTOM,est affilié à,264048311507-68,European Ocean Energy Association
82064144358-30,APPA - Spanish Renewable Energy Association,est affilié à,264048311507-68,European Ocean Energy Association
90947457424-20,GDF SUEZ,est affilié à,264048311507-68,European Ocean Energy Association
,Renewable UK,est affilié à,264048311507-68,European Ocean Energy Association
03501997362-71,FORTUM,est affilié à,2680046412-48,EPIA - European Photovoltaic Industry Association
05233891201-35,First Solar GmbH,est affilié à,2680046412-48,EPIA - European Photovoltaic Industry Association
06877217926-31,ENEL,est affilié à,2680046412-48,EPIA - European Photovoltaic Industry Association
1095068839-59,IKEA,est affilié à,2680046412-48,EPIA - European Photovoltaic Industry Association
1849405799-88,TOTAL,est affilié à,2680046412-48,EPIA - European Photovoltaic Industry Association
29528175589-79,APREN – the Portuguese Renewable Energy Association,est affilié à,2680046412-48,EPIA - European Photovoltaic Industry Association
39966101835-69,EDF,est affilié à,2680046412-48,EPIA - European Photovoltaic Industry Association
4016736872-59,GE - General Electric,est affilié à,2680046412-48,EPIA - European Photovoltaic Industry Association
41816938101-07,Iberdola,est affilié à,2680046412-48,EPIA - European Photovoltaic Industry Association
46302264606-44,Schneider Electric,est affilié à,2680046412-48,EPIA - European Photovoltaic Industry Association
56592866496-47,EDP - Energias de Portugal,est affilié à,2680046412-48,EPIA - European Photovoltaic Industry Association
82064144358-30,APPA - Spanish Renewable Energy Association,est affilié à,2680046412-48,EPIA - European Photovoltaic Industry Association
90947457424-20,GDF SUEZ,est affilié à,2680046412-48,EPIA - European Photovoltaic Industry Association
97560524441-16,Renewable Energy Association,est affilié à,2680046412-48,EPIA - European Photovoltaic Industry Association
99578067285-35,ENI,est affilié à,2680046412-48,EPIA - European Photovoltaic Industry Association
,APER - Associazione Produttori Energia Rinnovabile,est affilié à,2680046412-48,EPIA - European Photovoltaic Industry Association
,EDORA,est affilié à,2680046412-48,EPIA - European Photovoltaic Industry Association
38235121060-73,Dow Chemical,est affilié à,27993486325-38,PU Europe
58089691185-94,SOLVAY,est affilié à,27993486325-38,PU Europe
7410939793-88,BASF,est affilié à,27993486325-38,PU Europe
02430347902-54,Eneco,est affilié à,286194516022-33,Fedil- Business Federation Luxembourg
1849405799-88,TOTAL,est affilié à,286194516022-33,Fedil- Business Federation Luxembourg
3394026642-58,BP - British Petroleum,est affilié à,286194516022-33,Fedil- Business Federation Luxembourg
72103751229-92,VEOLIA ENVIRONNEMENT,est affilié à,286194516022-33,Fedil- Business Federation Luxembourg
721647010823-15,ThyssenKrupp,est affilié à,286194516022-33,Fedil- Business Federation Luxembourg
39966101835-69,EDF,est affilié à,29528175589-79,APREN – the Portuguese Renewable Energy Association
41816938101-07,Iberdola,est affilié à,29528175589-79,APREN – the Portuguese Renewable Energy Association
451019811573-55 ,ACCIONA,est affilié à,29528175589-79,APREN – the Portuguese Renewable Energy Association
56592866496-47,EDP - Energias de Portugal,est affilié à,29528175589-79,APREN – the Portuguese Renewable Energy Association
,ENERCON,est affilié à,29528175589-79,APREN – the Portuguese Renewable Energy Association
1849405799-88,TOTAL,est affilié à,30146663069-53,French Union of Electricity
39966101835-69,EDF,est affilié à,30146663069-53,French Union of Electricity
68134637922-07,ERDF,est affilié à,30146663069-53,French Union of Electricity
90947457424-20,GDF SUEZ,est affilié à,30146663069-53,French Union of Electricity
42843016904-50,UPEI Union Pétrolière Européenne Indépendante,est affilié à,31843397020-27,Eurofuel
1414929419-24,World Wildlife Fund,est affilié à,318640620183-35,Inter-Environnement Wallonie
9832909575-41,Greenpeace,est affilié à,318640620183-35,Inter-Environnement Wallonie
52195525403-65,Novozymes,est affilié à,32591134448-30,ePURE - European renewable ethanol industry
82064144358-30,APPA - Spanish Renewable Energy Association,est affilié à,32591134448-30,ePURE - European renewable ethanol industry
870817015429-80,DONG Energy,est affilié à,32591134448-30,ePURE - European renewable ethanol industry
06877217926-31,ENEL,est affilié à,347776811076-78,European Solar Thermal Electricity Association ESTELA
21280626733-05,Deutsches Zentrum für Luft- und Raumfahrt e.V. (DLR) German Aerospace Center,est affilié à,347776811076-78,European Solar Thermal Electricity Association ESTELA
38235121060-73,Dow Chemical,est affilié à,347776811076-78,European Solar Thermal Electricity Association ESTELA
43284012043-03,ALSTOM,est affilié à,347776811076-78,European Solar Thermal Electricity Association ESTELA
451019811573-55 ,ACCIONA,est affilié à,347776811076-78,European Solar Thermal Electricity Association ESTELA
7410939793-88,BASF,est affilié à,347776811076-78,European Solar Thermal Electricity Association ESTELA
77608353460-77,RWE,est affilié à,347776811076-78,European Solar Thermal Electricity Association ESTELA
72279144480-58,Confederation of European Paper Industries,est affilié à,355702910008-47,Swedish Forest Industries Federation
69851845452-33,CFE-CGC Industries Electriques et Gazières,est affilié à,358284014848-82,industriAll European Trade Union
77510791109-40,TUC,est affilié à,358284014848-82,industriAll European Trade Union
981167323458-75,"IG BCE (Industriegewerkschaft Bergbau, Chemie, Energie)",est affilié à,358284014848-82,industriAll European Trade Union
519256623442-26,LKAB,est affilié à,374860614091-68,"SveMin, Swedish Association of Mines, Mineral and Metal Producers"
07783117686-61,E3G - Third Generation Environmentalism,est affilié à,37816636575-51,EU-ASE European Alliance to Save Energy
19736167705-91,DENEFF - German Business Association for Energy Efficiency,est affilié à,37816636575-51,EU-ASE European Alliance to Save Energy
46302264606-44,Schneider Electric,est affilié à,37816636575-51,EU-ASE European Alliance to Save Energy
971446611568-25,Knauf Insulation,est affilié à,37816636575-51,EU-ASE European Alliance to Save Energy
39966101835-69,EDF,est affilié à,381796719468-68,The Prince of Wales’s EU Corporate Leaders Group (EUCLG)
41816938101-07,Iberdola,est affilié à,381796719468-68,The Prince of Wales’s EU Corporate Leaders Group (EUCLG)
451019811573-55 ,ACCIONA,est affilié à,381796719468-68,The Prince of Wales’s EU Corporate Leaders Group (EUCLG)
91425447458-88,3M,est affilié à,381796719468-68,The Prince of Wales’s EU Corporate Leaders Group (EUCLG)
,EDF Energy,est affilié à,381796719468-68,The Prince of Wales’s EU Corporate Leaders Group (EUCLG)
03501997362-71,FORTUM,est affilié à,38305846546-70,COGEN Europe
05032108616-26,SHELL,est affilié à,38305846546-70,COGEN Europe
289922721213-66,Wärtsilä,est affilié à,38305846546-70,COGEN Europe
292576015608-71,SHV Energy,est affilié à,38305846546-70,COGEN Europe
4016736872-59,GE - General Electric,est affilié à,38305846546-70,COGEN Europe
406700112988-86,Asociación Española de Cogeneración (ACOGEN),est affilié à,38305846546-70,COGEN Europe
41816938101-07,Iberdola,est affilié à,38305846546-70,COGEN Europe
72103751229-92,VEOLIA ENVIRONNEMENT,est affilié à,38305846546-70,COGEN Europe
72760517350-57,E.ON,est affilié à,38305846546-70,COGEN Europe
90947457424-20,GDF SUEZ,est affilié à,38305846546-70,COGEN Europe
02430347902-54,Eneco,est affilié à,38589651649-14,European Federation of Energy Traders (EFET)
03501997362-71,FORTUM,est affilié à,38589651649-14,European Federation of Energy Traders (EFET)
05032108616-26,SHELL,est affilié à,38589651649-14,European Federation of Energy Traders (EFET)
06877217926-31,ENEL,est affilié à,38589651649-14,European Federation of Energy Traders (EFET)
09571422185-81,VERBUND AG,est affilié à,38589651649-14,European Federation of Energy Traders (EFET)
09579576238-53,"European Energy Exchange (EEX),",est affilié à,38589651649-14,European Federation of Energy Traders (EFET)
12955024114-93,Vattenfall AB,est affilié à,38589651649-14,European Federation of Energy Traders (EFET)
13324391892-74,EnBW,est affilié à,38589651649-14,European Federation of Energy Traders (EFET)
1849405799-88,TOTAL,est affilié à,38589651649-14,European Federation of Energy Traders (EFET)
3394026642-58,BP - British Petroleum,est affilié à,38589651649-14,European Federation of Energy Traders (EFET)
39966101835-69,EDF,est affilié à,38589651649-14,European Federation of Energy Traders (EFET)
401111262-07,EDISON,est affilié à,38589651649-14,European Federation of Energy Traders (EFET)
41816938101-07,Iberdola,est affilié à,38589651649-14,European Federation of Energy Traders (EFET)
429600710582-32,"CEZ, a.s",est affilié à,38589651649-14,European Federation of Energy Traders (EFET)
4447605981-76,STATOIL,est affilié à,38589651649-14,European Federation of Energy Traders (EFET)
56592866496-47,EDP - Energias de Portugal,est affilié à,38589651649-14,European Federation of Energy Traders (EFET)
64436972598-17,SSE,est affilié à,38589651649-14,European Federation of Energy Traders (EFET)
66126847778-02,HSE d.o.o.,est affilié à,38589651649-14,European Federation of Energy Traders (EFET)
67833029261-54,Gas Natural Fenosa,est affilié à,38589651649-14,European Federation of Energy Traders (EFET)
70816716119-36,PGNiG SA,est affilié à,38589651649-14,European Federation of Energy Traders (EFET)
72760517350-57,E.ON,est affilié à,38589651649-14,European Federation of Energy Traders (EFET)
77608353460-77,RWE,est affilié à,38589651649-14,European Federation of Energy Traders (EFET)
870817015429-80,DONG Energy,est affilié à,38589651649-14,European Federation of Energy Traders (EFET)
90947457424-20,GDF SUEZ,est affilié à,38589651649-14,European Federation of Energy Traders (EFET)
94274031992-65,OMV Aktiengesellschaft,est affilié à,38589651649-14,European Federation of Energy Traders (EFET)
96327066302-56,Statkraft,est affilié à,38589651649-14,European Federation of Energy Traders (EFET)
99578067285-35,ENI,est affilié à,38589651649-14,European Federation of Energy Traders (EFET)
,A2A,est affilié à,38589651649-14,European Federation of Energy Traders (EFET)
20457441380-38,Bundesverband der Energie- und Wasserwirtschaft,est affilié à,388419813370-85,Chance for Buildings
20457441380-38,Bundesverband der Energie- und Wasserwirtschaft,est affilié à,39299129772-62,EUROPEAN FEDERATION OF NATIONAL ASSOCIATIONS OF WATER AND WASTE WATER SERVICES
05032108616-26,SHELL,est affilié à,3954187491-70,International Association of Oil & Gas Producers - OGP
1849405799-88,TOTAL,est affilié à,3954187491-70,International Association of Oil & Gas Producers - OGP
3394026642-58,BP - British Petroleum,est affilié à,3954187491-70,International Association of Oil & Gas Producers - OGP
4447605981-76,STATOIL,est affilié à,3954187491-70,International Association of Oil & Gas Producers - OGP
69240395197-02,Repsol,est affilié à,3954187491-70,International Association of Oil & Gas Producers - OGP
70816716119-36,PGNiG SA,est affilié à,3954187491-70,International Association of Oil & Gas Producers - OGP
75729476306-17,Wintershall,est affilié à,3954187491-70,International Association of Oil & Gas Producers - OGP
870817015429-80,DONG Energy,est affilié à,3954187491-70,International Association of Oil & Gas Producers - OGP
90947457424-20,GDF SUEZ,est affilié à,3954187491-70,International Association of Oil & Gas Producers - OGP
94274031992-65,OMV Aktiengesellschaft,est affilié à,3954187491-70,International Association of Oil & Gas Producers - OGP
99578067285-35,ENI,est affilié à,3954187491-70,International Association of Oil & Gas Producers - OGP
962687110415-94,Metsä Group,est affilié à,39671713910-36,Finnish Forest Industries Federation
289922721213-66,Wärtsilä,est affilié à,39705603497-38,Federation Finnish Technology Industries
022255314501-32,CIP – Confederation of Portuguese Business,est affilié à,3978240953-79,BusinessEurope
02963738854-41,CONFEDERACIÓN ESPAÑOLA DE ORGANIZACIONES EMPRESARIALES,est affilié à,3978240953-79,BusinessEurope
05032108616-26,SHELL,est affilié à,3978240953-79,BusinessEurope
0649790813-47 ,ACEA,est affilié à,3978240953-79,BusinessEurope
06877217926-31,ENEL,est affilié à,3978240953-79,BusinessEurope
1274604847-34,Confederation of Finnish Industries EK,est affilié à,3978240953-79,BusinessEurope
13255254129-80,VNO-NCW and MKB,est affilié à,3978240953-79,BusinessEurope
1849405799-88,TOTAL,est affilié à,3978240953-79,BusinessEurope
251117611140-75,Confederation Lewiatan,est affilié à,3978240953-79,BusinessEurope
26207914726-42,Fuelseurope,est affilié à,3978240953-79,BusinessEurope
286194516022-33,Fedil- Business Federation Luxembourg,est affilié à,3978240953-79,BusinessEurope
3394026642-58,BP - British Petroleum,est affilié à,3978240953-79,BusinessEurope
39912257528-48,Confederation of Swedish Enterprise,est affilié à,3978240953-79,BusinessEurope
39966101835-69,EDF,est affilié à,3978240953-79,BusinessEurope
401111262-07,EDISON,est affilié à,3978240953-79,BusinessEurope
4016736872-59,GE - General Electric,est affilié à,3978240953-79,BusinessEurope
43763731235-75,MEDEF,est affilié à,3978240953-79,BusinessEurope
4447605981-76,STATOIL,est affilié à,3978240953-79,BusinessEurope
45060553191-59,Hydro,est affilié à,3978240953-79,BusinessEurope
479468313744-50,Irish Business and Employers Confederation,est affilié à,3978240953-79,BusinessEurope
50098025830-01,Energy Norway,est affilié à,3978240953-79,BusinessEurope
58089691185-94,SOLVAY,est affilié à,3978240953-79,BusinessEurope
6025320863-10,ETRMA - European Tyre & Rubber Manufacturers Association,est affilié à,3978240953-79,BusinessEurope
623798014057-26,Danish Construction Association,est affilié à,3978240953-79,BusinessEurope
64879142323-90,European Chemical Industry Council – Cefic aisbl,est affilié à,3978240953-79,BusinessEurope
69240395197-02,Repsol,est affilié à,3978240953-79,BusinessEurope
72103751229-92,VEOLIA ENVIRONNEMENT,est affilié à,3978240953-79,BusinessEurope
73725676990-18,CBI - Confederation of British Industry,est affilié à,3978240953-79,BusinessEurope
7410939793-88,BASF,est affilié à,3978240953-79,BusinessEurope
74505036439-88,Glass Alliance Europe - GAE,est affilié à,3978240953-79,BusinessEurope
79465004946-12,Cerame-Unie- the European Ceramic Industry Association,est affilié à,3978240953-79,BusinessEurope
89093924456-06,IV - Federation of Austrian Industries,est affilié à,3978240953-79,BusinessEurope
90947457424-20,GDF SUEZ,est affilié à,3978240953-79,BusinessEurope
92221016212-42,FIEC - The European Construction Industry Federation,est affilié à,3978240953-79,BusinessEurope
93038071152-83,EUROFER - European Steel Association,est affilié à,3978240953-79,BusinessEurope
93987316076-63,"CEMBUREAU, the European Cement Association",est affilié à,3978240953-79,BusinessEurope
94274031992-65,OMV Aktiengesellschaft,est affilié à,3978240953-79,BusinessEurope
962687110415-94,Metsä Group,est affilié à,3978240953-79,BusinessEurope
,Confindustria,est affilié à,3978240953-79,BusinessEurope
255548111478-45,"Swedish Recycling Industries´ Assocation, SRI",est affilié à,39912257528-48,Confederation of Swedish Enterprise
281120313987-31,IKEM - Innovation and Chemical Industries in Sweden,est affilié à,39912257528-48,Confederation of Swedish Enterprise
355702910008-47,Swedish Forest Industries Federation,est affilié à,39912257528-48,Confederation of Swedish Enterprise
374860614091-68,"SveMin, Swedish Association of Mines, Mineral and Metal Producers",est affilié à,39912257528-48,Confederation of Swedish Enterprise
76331988454-11,Jernkontoret – The Swedish Steel Producers' Association,est affilié à,39912257528-48,Confederation of Swedish Enterprise
150712220857-50,BORD NA MÓNA POWERGEN,est affilié à,400886110592-21,Electricity Association of Ireland
150712220857-50,BORD NA MÓNA POWERGEN,est affilié à,400886110592-21,Electricity Association of Ireland
241656822426-29,ESB - Electriciy Supply Board,est affilié à,400886110592-21,Electricity Association of Ireland
64436972598-17,SSE,est affilié à,400886110592-21,Electricity Association of Ireland
64436972598-17,SSE,est affilié à,400886110592-21,Electricity Association of Ireland
,Bord Gais,est affilié à,400886110592-21,Electricity Association of Ireland
06877217926-31,ENEL,est affilié à,406700112988-86,Asociación Española de Cogeneración (ACOGEN)
289922721213-66,Wärtsilä,est affilié à,406700112988-86,Asociación Española de Cogeneración (ACOGEN)
3394026642-58,BP - British Petroleum,est affilié à,406700112988-86,Asociación Española de Cogeneración (ACOGEN)
38235121060-73,Dow Chemical,est affilié à,406700112988-86,Asociación Española de Cogeneración (ACOGEN)
39966101835-69,EDF,est affilié à,406700112988-86,Asociación Española de Cogeneración (ACOGEN)
4016736872-59,GE - General Electric,est affilié à,406700112988-86,Asociación Española de Cogeneración (ACOGEN)
58089691185-94,SOLVAY,est affilié à,406700112988-86,Asociación Española de Cogeneración (ACOGEN)
69240395197-02,Repsol,est affilié à,406700112988-86,Asociación Española de Cogeneración (ACOGEN)
72103751229-92,VEOLIA ENVIRONNEMENT,est affilié à,406700112988-86,Asociación Española de Cogeneración (ACOGEN)
0649790813-47 ,ACEA,est affilié à,41802525291-86,IRU - International Road Transport Union
138083013988-72,RHI,est affilié à,418701911503-17,British Ceramic Confederation (BCC)
82041746393-10,Wienerberger AG,est affilié à,418701911503-17,British Ceramic Confederation (BCC)
03501997362-71,FORTUM,est affilié à,42433582-82,FORATOM
12955024114-93,Vattenfall AB,est affilié à,42433582-82,FORATOM
352103717639-15,TVO,est affilié à,42433582-82,FORATOM
39966101835-69,EDF,est affilié à,42433582-82,FORATOM
41126912590-71,AREVA,est affilié à,42433582-82,FORATOM
41816938101-07,Iberdola,est affilié à,42433582-82,FORATOM
429600710582-32,"CEZ, a.s",est affilié à,42433582-82,FORATOM
51375423794-46,Fennovoima Oy,est affilié à,42433582-82,FORATOM
68861821910-84,Finnish Energy Industries,est affilié à,42433582-82,FORATOM
82770116544-06,Westinghouse Electric,est affilié à,42433582-82,FORATOM
1849405799-88,TOTAL,est affilié à,424387214082-04,"Apetro, the National Oil Industry Association of Portugal"
3394026642-58,BP - British Petroleum,est affilié à,424387214082-04,"Apetro, the National Oil Industry Association of Portugal"
69240395197-02,Repsol,est affilié à,424387214082-04,"Apetro, the National Oil Industry Association of Portugal"
451019811573-55 ,ACCIONA,est affilié à,42566063487-73 ,ACI EUROPE (Airports Council International)
02430347902-54,Eneco,est affilié à,4271427696-87,EURELETRIC
03501997362-71,FORTUM,est affilié à,4271427696-87,EURELETRIC
09571422185-81,VERBUND AG,est affilié à,4271427696-87,EURELETRIC
12955024114-93,Vattenfall AB,est affilié à,4271427696-87,EURELETRIC
13073098010-57,Swedenergy AB,est affilié à,4271427696-87,EURELETRIC
13324391892-74,EnBW,est affilié à,4271427696-87,EURELETRIC
13457582538-68,Energy UK,est affilié à,4271427696-87,EURELETRIC
17284292859-45,Stadtwerke München GmbH,est affilié à,4271427696-87,EURELETRIC
1733114388-50,Danish Energy Association,est affilié à,4271427696-87,EURELETRIC
20457441380-38,Bundesverband der Energie- und Wasserwirtschaft,est affilié à,4271427696-87,EURELETRIC
255859710443-50,Polish Electricity Association - PKEE,est affilié à,4271427696-87,EURELETRIC
289922721213-66,Wärtsilä,est affilié à,4271427696-87,EURELETRIC
30146663069-53,French Union of Electricity,est affilié à,4271427696-87,EURELETRIC
36820998995-30,REN,est affilié à,4271427696-87,EURELETRIC
39966101835-69,EDF,est affilié à,4271427696-87,EURELETRIC
400886110592-21,Electricity Association of Ireland,est affilié à,4271427696-87,EURELETRIC
400886110592-21,Electricity Association of Ireland,est affilié à,4271427696-87,EURELETRIC
401111262-07,EDISON,est affilié à,4271427696-87,EURELETRIC
41816938101-07,Iberdola,est affilié à,4271427696-87,EURELETRIC
429600710582-32,"CEZ, a.s",est affilié à,4271427696-87,EURELETRIC
50098025830-01,Energy Norway,est affilié à,4271427696-87,EURELETRIC
66126847778-02,HSE d.o.o.,est affilié à,4271427696-87,EURELETRIC
67833029261-54,Gas Natural Fenosa,est affilié à,4271427696-87,EURELETRIC
68134637922-07,ERDF,est affilié à,4271427696-87,EURELETRIC
68861821910-84,Finnish Energy Industries,est affilié à,4271427696-87,EURELETRIC
7157999502-14,International Emmissions Trading Association,est affilié à,4271427696-87,EURELETRIC
72760517350-57,E.ON,est affilié à,4271427696-87,EURELETRIC
77608353460-77,RWE,est affilié à,4271427696-87,EURELETRIC
78903417544-46,"FEBEG, the Federation of Belgian Electricity and Gas Companies",est affilié à,4271427696-87,EURELETRIC
80966174852-38,Oesterreichs Energie,est affilié à,4271427696-87,EURELETRIC
849997016104-66,Unesa - Asociación Española de la Industria Eléctrica,est affilié à,4271427696-87,EURELETRIC
90947457424-20,GDF SUEZ,est affilié à,4271427696-87,EURELETRIC
96327066302-56,Statkraft,est affilié à,4271427696-87,EURELETRIC
33629954785-84,Aussenhandelsverband für Mineralöl und Energie (AFM+E),est affilié à,42843016904-50,UPEI Union Pétrolière Européenne Indépendante
550558011475-69,MEW Mittelständische Energiewirtschaft Deutschland e.V.,est affilié à,42843016904-50,UPEI Union Pétrolière Européenne Indépendante
0935153658-47,Union des Industries Chimiques - UIC,est affilié à,43763731235-75,MEDEF
1849405799-88,TOTAL,est affilié à,43763731235-75,MEDEF
30146663069-53,French Union of Electricity,est affilié à,43763731235-75,MEDEF
39966101835-69,EDF,est affilié à,43763731235-75,MEDEF
43284012043-03,ALSTOM,est affilié à,43763731235-75,MEDEF
7705861978-33,Fédérationn Française des Tuiles et Briques,est affilié à,43763731235-75,MEDEF
06877217926-31,ENEL,est affilié à,43859808000-87,EASE – European Association for Storage of Energy
39966101835-69,EDF,est affilié à,43859808000-87,EASE – European Association for Storage of Energy
4016736872-59,GE - General Electric,est affilié à,43859808000-87,EASE – European Association for Storage of Energy
41816938101-07,Iberdola,est affilié à,43859808000-87,EASE – European Association for Storage of Energy
44688805318-45,"Red Eléctrica de España, SAU",est affilié à,43859808000-87,EASE – European Association for Storage of Energy
67833029261-54,Gas Natural Fenosa,est affilié à,43859808000-87,EASE – European Association for Storage of Energy
7410939793-88,BASF,est affilié à,43859808000-87,EASE – European Association for Storage of Energy
90947457424-20,GDF SUEZ,est affilié à,43859808000-87,EASE – European Association for Storage of Energy
406700112988-86,Asociación Española de Cogeneración (ACOGEN),est affilié à,44688805318-45,"Red Eléctrica de España, SAU"
05032108616-26,SHELL,est affilié à,449131111476-44  ,UNIONE PETROLIFERA
3394026642-58,BP - British Petroleum,est affilié à,449131111476-44  ,UNIONE PETROLIFERA
99578067285-35,ENI,est affilié à,449131111476-44  ,UNIONE PETROLIFERA
013755513854-45,Borealis AG,est affilié à,454264611835-56,PlasticsEurope
05032108616-26,SHELL,est affilié à,454264611835-56,PlasticsEurope
1849405799-88,TOTAL,est affilié à,454264611835-56,PlasticsEurope
344826112965-44,INEOS,est affilié à,454264611835-56,PlasticsEurope
38235121060-73,Dow Chemical,est affilié à,454264611835-56,PlasticsEurope
530617716398-33,USG - Utility Support Group,est affilié à,454264611835-56,PlasticsEurope
58089691185-94,SOLVAY,est affilié à,454264611835-56,PlasticsEurope
69240395197-02,Repsol,est affilié à,454264611835-56,PlasticsEurope
7410939793-88,BASF,est affilié à,454264611835-56,PlasticsEurope
99578067285-35,ENI,est affilié à,454264611835-56,PlasticsEurope
00481013843-28,Allianz der öffentlichen Wasserwirtschaft (AöW),est affilié à,460445611477-43 ,"German Association of water, wastewater and waste (DWA)"
19853116579-64,EURACOAL aisbl (European Association for Coal and Lignite),est affilié à,471593720714-56,World Coal Association
150712220857-50,BORD NA MÓNA POWERGEN,est affilié à,479468313744-50,Irish Business and Employers Confederation
64436972598-17,SSE,est affilié à,479468313744-50,Irish Business and Employers Confederation
72760517350-57,E.ON,est affilié à,482897410370-35 ,World Green Building Council (Europe Regional Network)
7410939793-88,BASF,est affilié à,482897410370-35 ,World Green Building Council (Europe Regional Network)
971446611568-25,Knauf Insulation,est affilié à,482897410370-35 ,World Green Building Council (Europe Regional Network)
151425218350-89,Investment Property Forum (IPF),est affilié à,48677174683-66,EREF - European reewable Energy Federation
15511499334-46,Bundesverband Erneuerbare Energie e.V.,est affilié à,48677174683-66,EREF - European reewable Energy Federation
18191445640-83,European Biogas Association,est affilié à,48677174683-66,EREF - European reewable Energy Federation
29528175589-79,APREN – the Portuguese Renewable Energy Association,est affilié à,48677174683-66,EREF - European reewable Energy Federation
595041411471-64,German Biogas Association (GBA),est affilié à,48677174683-66,EREF - European reewable Energy Federation
639259811501-33  ,Estonian Renewable Energy Association,est affilié à,48677174683-66,EREF - European reewable Energy Federation
82064144358-30,APPA - Spanish Renewable Energy Association,est affilié à,48677174683-66,EREF - European reewable Energy Federation
952632114087-19,BWE - German Wind Energy Association,est affilié à,48677174683-66,EREF - European reewable Energy Federation
97560524441-16,Renewable Energy Association,est affilié à,48677174683-66,EREF - European reewable Energy Federation
,EDORA,est affilié à,48677174683-66,EREF - European reewable Energy Federation
,Hespul,est affilié à,48677174683-66,EREF - European reewable Energy Federation
,IG Windkraft - Austrian Windenergy Association,est affilié à,48677174683-66,EREF - European reewable Energy Federation
,Renewable Energy Austria,est affilié à,48677174683-66,EREF - European reewable Energy Federation
58089691185-94,SOLVAY,est affilié à,49913771894-86,Industrievereinigung Chemiefaser (IVC)
084019910467-43,ECOHZ AS,est affilié à,50098025830-01,Energy Norway
516404410590-13,ADGER ENERGY,est affilié à,50098025830-01,Energy Norway
963142911472-29 ,BKK,est affilié à,50098025830-01,Energy Norway
96327066302-56,Statkraft,est affilié à,50098025830-01,Energy Norway
04201463642-88,The European Committee of Domestic Equipment Manufacturers (CECED),est affilié à,505588923656-96,"eceee, the European Council for an Energy Efficient Economy"
1733114388-50,Danish Energy Association,est affilié à,505588923656-96,"eceee, the European Council for an Energy Efficient Economy"
19736167705-91,DENEFF - German Business Association for Energy Efficiency,est affilié à,505588923656-96,"eceee, the European Council for an Energy Efficient Economy"
423142010527-25,VELUX Group,est affilié à,505588923656-96,"eceee, the European Council for an Energy Efficient Economy"
46302264606-44,Schneider Electric,est affilié à,505588923656-96,"eceee, the European Council for an Energy Efficient Economy"
48677174683-66,EREF - European reewable Energy Federation,est affilié à,505588923656-96,"eceee, the European Council for an Energy Efficient Economy"
911689722889-60,"European Energy Network, EnR",est affilié à,505588923656-96,"eceee, the European Council for an Energy Efficient Economy"
98345631631-22,EURIMA - European Insulation Manufacturers Association,est affilié à,505588923656-96,"eceee, the European Council for an Energy Efficient Economy"
99005441548-23,EuroACE - European Alliance of Companies for Energy Efficiency in Buildings,est affilié à,505588923656-96,"eceee, the European Council for an Energy Efficient Economy"
05233891201-35,First Solar GmbH,est affilié à,5265780509-97,AmCham - American Chamber of Commerce to the EU
38235121060-73,Dow Chemical,est affilié à,5265780509-97,AmCham - American Chamber of Commerce to the EU
4016736872-59,GE - General Electric,est affilié à,5265780509-97,AmCham - American Chamber of Commerce to the EU
91425447458-88,3M,est affilié à,5265780509-97,AmCham - American Chamber of Commerce to the EU
01995086879-32,Confrontations Europe,est affilié à,52774696782-43,Commissariat à l’Energie Atomique et aux Energies Alternatives
42433582-82,FORATOM,est affilié à,52774696782-43,Commissariat à l’Energie Atomique et aux Energies Alternatives
,European Nuclear Energy Forum (ENEF),est affilié à,52774696782-43,Commissariat à l’Energie Atomique et aux Energies Alternatives
1420587986-32,Verband Kommunaler Unternehmen (VKU),est affilié à,54829912208-85,CEDEC –the European Federation of Local Energy Companies
17284292859-45,Stadtwerke München GmbH,est affilié à,54829912208-85,CEDEC –the European Federation of Local Energy Companies
,"Alliance of the Producers of Ecological Energy-BG, the Bulgarian Photovoltaic Association, the Bulgarian Wind Energy Association and the Romanian Photovoltaic Industry Association",est affilié à,54829912208-85,CEDEC –the European Federation of Local Energy Companies
,Verband Kommunaler Unternehmen Österreichs (VKÖ),est affilié à,54829912208-85,CEDEC –the European Federation of Local Energy Companies
33629954785-84,Aussenhandelsverband für Mineralöl und Energie (AFM+E),est affilié à,550558011475-69,MEW Mittelständische Energiewirtschaft Deutschland e.V.
07265875082-72,Federation of Finnish Enterprises,est affilié à,55820581197-35,"EUROPEAN ASSOCIATION OF CRAFT, SMALL AND MEDIUM-SIZED ENTERPRISES"
09256701147-51,European Builders Confederation EBC,est affilié à,55820581197-35,"EUROPEAN ASSOCIATION OF CRAFT, SMALL AND MEDIUM-SIZED ENTERPRISES"
10405322962-08,Wirtschaftskammer Österreich (WKO),est affilié à,55820581197-35,"EUROPEAN ASSOCIATION OF CRAFT, SMALL AND MEDIUM-SIZED ENTERPRISES"
479468313744-50,Irish Business and Employers Confederation,est affilié à,55820581197-35,"EUROPEAN ASSOCIATION OF CRAFT, SMALL AND MEDIUM-SIZED ENTERPRISES"
92221016212-42,FIEC - The European Construction Industry Federation,est affilié à,55820581197-35,"EUROPEAN ASSOCIATION OF CRAFT, SMALL AND MEDIUM-SIZED ENTERPRISES"
027333110679-45,Change Partnership,est affilié à,55888811123-49,Climate Action Network (CAN) Europe
0285583802-96,Nature and Biodiversity Conservation Union (NABU),est affilié à,55888811123-49,Climate Action Network (CAN) Europe
07783117686-61,E3G - Third Generation Environmentalism,est affilié à,55888811123-49,Climate Action Network (CAN) Europe
1414929419-24,World Wildlife Fund,est affilié à,55888811123-49,Climate Action Network (CAN) Europe
318640620183-35,Inter-Environnement Wallonie,est affilié à,55888811123-49,Climate Action Network (CAN) Europe
75365248559-90,Nature Code,est affilié à,55888811123-49,Climate Action Network (CAN) Europe
83237681344-24,Bund für Umwelt und Naturschutz Deutschland,est affilié à,55888811123-49,Climate Action Network (CAN) Europe
88183887439-50  ,Centre for Transport and Energy,est affilié à,55888811123-49,Climate Action Network (CAN) Europe
94944179052-82,Sandbag,est affilié à,55888811123-49,Climate Action Network (CAN) Europe
98048278485-29,Focus Association for Sustainable Development,est affilié à,55888811123-49,Climate Action Network (CAN) Europe
9825553393-31,Friends of the Earth Europe,est affilié à,55888811123-49,Climate Action Network (CAN) Europe
9832909575-41,Greenpeace,est affilié à,55888811123-49,Climate Action Network (CAN) Europe
98430135820-35,DNR - Deutscher Naturschutzring,est affilié à,55888811123-49,Climate Action Network (CAN) Europe
02430347902-54,Eneco,est affilié à,561606712956-58,VLAAMSE WINDENERGIE ASSOCIATIE
05032108616-26,SHELL,est affilié à,561606712956-58,VLAAMSE WINDENERGIE ASSOCIATIE
43284012043-03,ALSTOM,est affilié à,561606712956-58,VLAAMSE WINDENERGIE ASSOCIATIE
72760517350-57,E.ON,est affilié à,561606712956-58,VLAAMSE WINDENERGIE ASSOCIATIE
769186224869-06,VESTAS,est affilié à,561606712956-58,VLAAMSE WINDENERGIE ASSOCIATIE
870817015429-80,DONG Energy,est affilié à,561606712956-58,VLAAMSE WINDENERGIE ASSOCIATIE
90947457424-20,GDF SUEZ,est affilié à,561606712956-58,VLAAMSE WINDENERGIE ASSOCIATIE
91425447458-88,3M,est affilié à,561606712956-58,VLAAMSE WINDENERGIE ASSOCIATIE
,ENERCON,est affilié à,561606712956-58,VLAAMSE WINDENERGIE ASSOCIATIE
04201463642-88,The European Committee of Domestic Equipment Manufacturers (CECED),est affilié à,569379418624-07,Smart Energy Demand Coalition
12955024114-93,Vattenfall AB,est affilié à,569379418624-07,Smart Energy Demand Coalition
39966101835-69,EDF,est affilié à,569379418624-07,Smart Energy Demand Coalition
46302264606-44,Schneider Electric,est affilié à,569379418624-07,Smart Energy Demand Coalition
72760517350-57,E.ON,est affilié à,569379418624-07,Smart Energy Demand Coalition
172134011452-07,Spanish Gas Association (SEDIGAS),est affilié à,57944346163-37,MARCOGAZ
29967294656-11,N.V. Nederlandse Gasunie,est affilié à,57944346163-37,MARCOGAZ
67833029261-54,Gas Natural Fenosa,est affilié à,57944346163-37,MARCOGAZ
905001612275-82,Enagas,est affilié à,57944346163-37,MARCOGAZ
,Union Nationale de la Propriété Immobilière,est affilié à,57946843667-42,International Union of Property Owners
05032108616-26,SHELL,est affilié à,582485310717-46  ,Zero Emissions Platform (ZEP)
06698681039-26,European Trade Union Confederation,est affilié à,582485310717-46  ,Zero Emissions Platform (ZEP)
07783117686-61,E3G - Third Generation Environmentalism,est affilié à,582485310717-46  ,Zero Emissions Platform (ZEP)
18146381379-29,EPPSA - European Power Plant Suppliers Association,est affilié à,582485310717-46  ,Zero Emissions Platform (ZEP)
241656822426-29,ESB - Electriciy Supply Board,est affilié à,582485310717-46  ,Zero Emissions Platform (ZEP)
29934726424-76,Bellona Foundation,est affilié à,582485310717-46  ,Zero Emissions Platform (ZEP)
3394026642-58,BP - British Petroleum,est affilié à,582485310717-46  ,Zero Emissions Platform (ZEP)
4016736872-59,GE - General Electric,est affilié à,582485310717-46  ,Zero Emissions Platform (ZEP)
4271427696-87,EURELETRIC,est affilié à,582485310717-46  ,Zero Emissions Platform (ZEP)
4447605981-76,STATOIL,est affilié à,582485310717-46  ,Zero Emissions Platform (ZEP)
75093131694-63,EUTurbines European Association of Gas and Steam Turbine Manufacturers,est affilié à,582485310717-46  ,Zero Emissions Platform (ZEP)
0285583802-96,Nature and Biodiversity Conservation Union (NABU),est affilié à,58744833263-19,European Federation for Transport and Environment AISBL
06869148182-50,International Association of Public Transport,est affilié à,58744833263-19,European Federation for Transport and Environment AISBL
29934726424-76,Bellona Foundation,est affilié à,58744833263-19,European Federation for Transport and Environment AISBL
318640620183-35,Inter-Environnement Wallonie,est affilié à,58744833263-19,European Federation for Transport and Environment AISBL
927189614844-23,NOAH Friends of the Earth Denmark,est affilié à,58744833263-19,European Federation for Transport and Environment AISBL
98048278485-29,Focus Association for Sustainable Development,est affilié à,58744833263-19,European Federation for Transport and Environment AISBL
00481013843-28,Allianz der öffentlichen Wasserwirtschaft (AöW),est affilié à,59513031434-92,CEEP - European Centre of Employers and Enterprises providing Public services
089167355-44,Bundesverband deutscher Wohnungs- und Immobilienunternehmen,est affilié à,59513031434-92,CEEP - European Centre of Employers and Enterprises providing Public services
1420587986-32,Verband Kommunaler Unternehmen (VKU),est affilié à,59513031434-92,CEEP - European Centre of Employers and Enterprises providing Public services
17284292859-45,Stadtwerke München GmbH,est affilié à,59513031434-92,CEEP - European Centre of Employers and Enterprises providing Public services
39966101835-69,EDF,est affilié à,59513031434-92,CEEP - European Centre of Employers and Enterprises providing Public services
10405322962-08,Wirtschaftskammer Österreich (WKO),est affilié à,61650796093-48,Eurometaux
19153965510-75,EURO ALLIAGES - Association of European Ferro-Alloy Producers,est affilié à,61650796093-48,Eurometaux
45060553191-59,Hydro,est affilié à,61650796093-48,Eurometaux
64879142323-90,European Chemical Industry Council – Cefic aisbl,est affilié à,61650796093-48,Eurometaux
9002547940-17,Wirtschaftsvereinigung Metalle (WVM),est affilié à,61650796093-48,Eurometaux
90705737862-82,Finnfjord AS,est affilié à,61650796093-48,Eurometaux
9434415651-11,Federation of Norwegian Industries,est affilié à,61650796093-48,Eurometaux
292576015608-71,SHV Energy,est affilié à,63503202933-02,AEGPL - European LPG Association
424387214082-04,"Apetro, the National Oil Industry Association of Portugal",est affilié à,63503202933-02,AEGPL - European LPG Association
69240395197-02,Repsol,est affilié à,63503202933-02,AEGPL - European LPG Association
78601138241-84,DVFG – Deutscher Verband Flüssiggas (German LPG association),est affilié à,63503202933-02,AEGPL - European LPG Association
03501997362-71,FORTUM,est affilié à,639259811501-33  ,Estonian Renewable Energy Association
013755513854-45,Borealis AG,est affilié à,64879142323-90,European Chemical Industry Council – Cefic aisbl
05032108616-26,SHELL,est affilié à,64879142323-90,European Chemical Industry Council – Cefic aisbl
07682415745-25,CIFF - Chemical Industry Federation of Finland,est affilié à,64879142323-90,European Chemical Industry Council – Cefic aisbl
0935153658-47,Union des Industries Chimiques - UIC,est affilié à,64879142323-90,European Chemical Industry Council – Cefic aisbl
151425218350-89,Investment Property Forum (IPF),est affilié à,64879142323-90,European Chemical Industry Council – Cefic aisbl
15423437054-40,Verband der Chemischen Industrie (VCI),est affilié à,64879142323-90,European Chemical Industry Council – Cefic aisbl
1849405799-88,TOTAL,est affilié à,64879142323-90,European Chemical Industry Council – Cefic aisbl
281120313987-31,IKEM - Innovation and Chemical Industries in Sweden,est affilié à,64879142323-90,European Chemical Industry Council – Cefic aisbl
3394026642-58,BP - British Petroleum,est affilié à,64879142323-90,European Chemical Industry Council – Cefic aisbl
344826112965-44,INEOS,est affilié à,64879142323-90,European Chemical Industry Council – Cefic aisbl
38235121060-73,Dow Chemical,est affilié à,64879142323-90,European Chemical Industry Council – Cefic aisbl
454264611835-56,PlasticsEurope,est affilié à,64879142323-90,European Chemical Industry Council – Cefic aisbl
479468313744-50,Irish Business and Employers Confederation,est affilié à,64879142323-90,European Chemical Industry Council – Cefic aisbl
52195525403-65,Novozymes,est affilié à,64879142323-90,European Chemical Industry Council – Cefic aisbl
530617716398-33,USG - Utility Support Group,est affilié à,64879142323-90,European Chemical Industry Council – Cefic aisbl
58089691185-94,SOLVAY,est affilié à,64879142323-90,European Chemical Industry Council – Cefic aisbl
69240395197-02,Repsol,est affilié à,64879142323-90,European Chemical Industry Council – Cefic aisbl
7410939793-88,BASF,est affilié à,64879142323-90,European Chemical Industry Council – Cefic aisbl
78753091151-50,VNCI - Association of the Dutch Chemical Industry,est affilié à,64879142323-90,European Chemical Industry Council – Cefic aisbl
80788715017-29,FERTILIZERS EUROPE,est affilié à,64879142323-90,European Chemical Industry Council – Cefic aisbl
8111597333-73,Essenscia asbl - Belgian Federation for Chemistry and Life Sciences Industries,est affilié à,64879142323-90,European Chemical Industry Council – Cefic aisbl
91425447458-88,3M,est affilié à,64879142323-90,European Chemical Industry Council – Cefic aisbl
9434415651-11,Federation of Norwegian Industries,est affilié à,64879142323-90,European Chemical Industry Council – Cefic aisbl
9931891670-73,Federchimica,est affilié à,64879142323-90,European Chemical Industry Council – Cefic aisbl
99578067285-35,ENI,est affilié à,64879142323-90,European Chemical Industry Council – Cefic aisbl
,Association of Chemical Industry of the Czech Republic,est affilié à,64879142323-90,European Chemical Industry Council – Cefic aisbl
,Euro Chlor,est affilié à,64879142323-90,European Chemical Industry Council – Cefic aisbl
,Wiegand-Glas,est affilié à,65035217875-61,Bundesverband der Glasindustrie e.V.
150712220857-50,BORD NA MÓNA POWERGEN,est affilié à,66441154246-76,IWEA - Irish Wind Energy Association
4016736872-59,GE - General Electric,est affilié à,66441154246-76,IWEA - Irish Wind Energy Association
46302264606-44,Schneider Electric,est affilié à,66441154246-76,IWEA - Irish Wind Energy Association
64436972598-17,SSE,est affilié à,66441154246-76,IWEA - Irish Wind Energy Association
7410939793-88,BASF,est affilié à,66441154246-76,IWEA - Irish Wind Energy Association
769186224869-06,VESTAS,est affilié à,66441154246-76,IWEA - Irish Wind Energy Association
,Bord Gais,est affilié à,66441154246-76,IWEA - Irish Wind Energy Association
,ENERCON,est affilié à,66441154246-76,IWEA - Irish Wind Energy Association
,RES Group,est affilié à,66441154246-76,IWEA - Irish Wind Energy Association
03501997362-71,FORTUM,est affilié à,68861821910-84,Finnish Energy Industries
4016736872-59,GE - General Electric,est affilié à,68861821910-84,Finnish Energy Industries
46302264606-44,Schneider Electric,est affilié à,68861821910-84,Finnish Energy Industries
51375423794-46,Fennovoima Oy,est affilié à,68861821910-84,Finnish Energy Industries
72103751229-92,VEOLIA ENVIRONNEMENT,est affilié à,68861821910-84,Finnish Energy Industries
05032108616-26,SHELL,est affilié à,69382094718-43,CCSA - Carbon Capture and Storage Association
1849405799-88,TOTAL,est affilié à,69382094718-43,CCSA - Carbon Capture and Storage Association
241656822426-29,ESB - Electriciy Supply Board,est affilié à,69382094718-43,CCSA - Carbon Capture and Storage Association
3394026642-58,BP - British Petroleum,est affilié à,69382094718-43,CCSA - Carbon Capture and Storage Association
4447605981-76,STATOIL,est affilié à,69382094718-43,CCSA - Carbon Capture and Storage Association
56039866688-26,National Grid,est affilié à,69382094718-43,CCSA - Carbon Capture and Storage Association
78903417544-46,"FEBEG, the Federation of Belgian Electricity and Gas Companies",est affilié à,702214911454-33,Voka – Vlaams netwerk van ondernemingen
03501997362-71,FORTUM,est affilié à,7157999502-14,International Emmissions Trading Association
05032108616-26,SHELL,est affilié à,7157999502-14,International Emmissions Trading Association
06877217926-31,ENEL,est affilié à,7157999502-14,International Emmissions Trading Association
09579576238-53,"European Energy Exchange (EEX),",est affilié à,7157999502-14,International Emmissions Trading Association
12955024114-93,Vattenfall AB,est affilié à,7157999502-14,International Emmissions Trading Association
1849405799-88,TOTAL,est affilié à,7157999502-14,International Emmissions Trading Association
225005818352-31,LAFARGE,est affilié à,7157999502-14,International Emmissions Trading Association
3394026642-58,BP - British Petroleum,est affilié à,7157999502-14,International Emmissions Trading Association
38235121060-73,Dow Chemical,est affilié à,7157999502-14,International Emmissions Trading Association
39966101835-69,EDF,est affilié à,7157999502-14,International Emmissions Trading Association
41816938101-07,Iberdola,est affilié à,7157999502-14,International Emmissions Trading Association
429600710582-32,"CEZ, a.s",est affilié à,7157999502-14,International Emmissions Trading Association
4447605981-76,STATOIL,est affilié à,7157999502-14,International Emmissions Trading Association
45060553191-59,Hydro,est affilié à,7157999502-14,International Emmissions Trading Association
64436972598-17,SSE,est affilié à,7157999502-14,International Emmissions Trading Association
67833029261-54,Gas Natural Fenosa,est affilié à,7157999502-14,International Emmissions Trading Association
69240395197-02,Repsol,est affilié à,7157999502-14,International Emmissions Trading Association
72103751229-92,VEOLIA ENVIRONNEMENT,est affilié à,7157999502-14,International Emmissions Trading Association
77608353460-77,RWE,est affilié à,7157999502-14,International Emmissions Trading Association
90947457424-20,GDF SUEZ,est affilié à,7157999502-14,International Emmissions Trading Association
96327066302-56,Statkraft,est affilié à,7157999502-14,International Emmissions Trading Association
99578067285-35,ENI,est affilié à,7157999502-14,International Emmissions Trading Association
39671713910-36,Finnish Forest Industries Federation,est affilié à,72279144480-58,Confederation of European Paper Industries
453515910702-95,Confederation of Paper Industries (UK),est affilié à,72279144480-58,Confederation of European Paper Industries
9434415651-11,Federation of Norwegian Industries,est affilié à,72279144480-58,Confederation of European Paper Industries
962687110415-94,Metsä Group,est affilié à,72279144480-58,Confederation of European Paper Industries
,Austropapier - Confederation of Austrian Pulp and Paper industries,est affilié à,72279144480-58,Confederation of European Paper Industries
0124622797-55,CECODHAS Housing Europe,est affilié à,72911566925-69,Coalition for Energy Savings
04201463642-88,The European Committee of Domestic Equipment Manufacturers (CECED),est affilié à,72911566925-69,Coalition for Energy Savings
06798511314-27,European Environmental Bureau,est affilié à,72911566925-69,Coalition for Energy Savings
07783117686-61,E3G - Third Generation Environmentalism,est affilié à,72911566925-69,Coalition for Energy Savings
11514322965-05,Energy Cities,est affilié à,72911566925-69,Coalition for Energy Savings
1414929419-24,World Wildlife Fund,est affilié à,72911566925-69,Coalition for Energy Savings
15997912445-80,Glass for Europe,est affilié à,72911566925-69,Coalition for Energy Savings
22276738915-67,EPEE - European Partnership of Energy and environment,est affilié à,72911566925-69,Coalition for Energy Savings
25748484862-49,EUROPEAN FEDERATION OF INTELLIGENT ENERGY EFFICIENCY SERVICES,est affilié à,72911566925-69,Coalition for Energy Savings
27993486325-38,PU Europe,est affilié à,72911566925-69,Coalition for Energy Savings
37816636575-51,EU-ASE European Alliance to Save Energy,est affilié à,72911566925-69,Coalition for Energy Savings
38305846546-70,COGEN Europe,est affilié à,72911566925-69,Coalition for Energy Savings
388419813370-85,Chance for Buildings,est affilié à,72911566925-69,Coalition for Energy Savings
505588923656-96,"eceee, the European Council for an Energy Efficient Economy",est affilié à,72911566925-69,Coalition for Energy Savings
55888811123-49,Climate Action Network (CAN) Europe,est affilié à,72911566925-69,Coalition for Energy Savings
58744833263-19,European Federation for Transport and Environment AISBL,est affilié à,72911566925-69,Coalition for Energy Savings
74838936515-43,EVVE - European Association for the Consumption-based billing of Energy costs,est affilié à,72911566925-69,Coalition for Energy Savings
83923664694-38,Climate Alliance,est affilié à,72911566925-69,Coalition for Energy Savings
96645517357-19,ClientEarth,est affilié à,72911566925-69,Coalition for Energy Savings
9825553393-31,Friends of the Earth Europe,est affilié à,72911566925-69,Coalition for Energy Savings
98345631631-22,EURIMA - European Insulation Manufacturers Association,est affilié à,72911566925-69,Coalition for Energy Savings
99005441548-23,EuroACE - European Alliance of Companies for Energy Efficiency in Buildings,est affilié à,72911566925-69,Coalition for Energy Savings
98277414699-83,EU Umweltbüro,est affilié à,730024411461-80,Umwelt Dachverband
,Forum Wissenschaft und Umwelt (FWU),est affilié à,730024411461-80,Umwelt Dachverband
,IG Windkraft - Austrian Windenergy Association,est affilié à,730024411461-80,Umwelt Dachverband
423266516181-19,Kingfisher PLC,est affilié à,73725676990-18,CBI - Confederation of British Industry
64436972598-17,SSE,est affilié à,73725676990-18,CBI - Confederation of British Industry
10405322962-08,Wirtschaftskammer Österreich (WKO),est affilié à,74505036439-88,Glass Alliance Europe - GAE
1550133398-72,FEVE - the European Container Glass Federation,est affilié à,74505036439-88,Glass Alliance Europe - GAE
15997912445-80,Glass for Europe,est affilié à,74505036439-88,Glass Alliance Europe - GAE
608923211432-08 ,Fédération de l'Industrie du Verre asbl,est affilié à,74505036439-88,Glass Alliance Europe - GAE
65035217875-61,Bundesverband der Glasindustrie e.V.,est affilié à,74505036439-88,Glass Alliance Europe - GAE
733257915694-82,European Domestic Glass,est affilié à,74505036439-88,Glass Alliance Europe - GAE
841386910709-86,Assovetro,est affilié à,74505036439-88,Glass Alliance Europe - GAE
,Polish Glass Manufacturers Federation,est affilié à,74505036439-88,Glass Alliance Europe - GAE
,Vereniging Nederlandse Glasfabrikanten - VNG,est affilié à,74505036439-88,Glass Alliance Europe - GAE
06798511314-27,European Environmental Bureau,est affilié à,74535104992-35,Green Budget Europe (GBE)
58744833263-19,European Federation for Transport and Environment AISBL,est affilié à,74535104992-35,Green Budget Europe (GBE)
730024411461-80,Umwelt Dachverband,est affilié à,74535104992-35,Green Budget Europe (GBE)
98430135820-35,DNR - Deutscher Naturschutzring,est affilié à,74535104992-35,Green Budget Europe (GBE)
90947457424-20,GDF SUEZ,est affilié à,74838936515-43,EVVE - European Association for the Consumption-based billing of Energy costs
4016736872-59,GE - General Electric,est affilié à,75093131694-63,EUTurbines European Association of Gas and Steam Turbine Manufacturers
29967294656-11,N.V. Nederlandse Gasunie,est affilié à,76130992074-15,GIE - Gas Infrastructure Europe
36820998995-30,REN,est affilié à,76130992074-15,GIE - Gas Infrastructure Europe
401111262-07,EDISON,est affilié à,76130992074-15,GIE - Gas Infrastructure Europe
56039866688-26,National Grid,est affilié à,76130992074-15,GIE - Gas Infrastructure Europe
64436972598-17,SSE,est affilié à,76130992074-15,GIE - Gas Infrastructure Europe
905001612275-82,Enagas,est affilié à,76130992074-15,GIE - Gas Infrastructure Europe
90947457424-20,GDF SUEZ,est affilié à,76130992074-15,GIE - Gas Infrastructure Europe
94274031992-65,OMV Aktiengesellschaft,est affilié à,76130992074-15,GIE - Gas Infrastructure Europe
1849405799-88,TOTAL,est affilié à,77820278284-77,UPRIGAS - Union Professionelle des Industries Privées du Gaz
4447605981-76,STATOIL,est affilié à,77820278284-77,UPRIGAS - Union Professionelle des Industries Privées du Gaz
67833029261-54,Gas Natural Fenosa,est affilié à,77820278284-77,UPRIGAS - Union Professionelle des Industries Privées du Gaz
90947457424-20,GDF SUEZ,est affilié à,77820278284-77,UPRIGAS - Union Professionelle des Industries Privées du Gaz
99578067285-35,ENI,est affilié à,77820278284-77,UPRIGAS - Union Professionelle des Industries Privées du Gaz
56592866496-47,EDP - Energias de Portugal,est affilié à,778759511497-23,ADENE – Agência para a Energia
35832214158-18,Wirtschaftskammer Österreich (WKO) Fachverband Steine - Keramik,est affilié à,780146710855-91,European Lime Association
1849405799-88,TOTAL,est affilié à,78601138241-84,DVFG – Deutscher Verband Flüssiggas (German LPG association)
530617716398-33,USG - Utility Support Group,est affilié à,78753091151-50,VNCI - Association of the Dutch Chemical Industry
02430347902-54,Eneco,est affilié à,78903417544-46,"FEBEG, the Federation of Belgian Electricity and Gas Companies"
1849405799-88,TOTAL,est affilié à,78903417544-46,"FEBEG, the Federation of Belgian Electricity and Gas Companies"
39966101835-69,EDF,est affilié à,78903417544-46,"FEBEG, the Federation of Belgian Electricity and Gas Companies"
67833029261-54,Gas Natural Fenosa,est affilié à,78903417544-46,"FEBEG, the Federation of Belgian Electricity and Gas Companies"
72760517350-57,E.ON,est affilié à,78903417544-46,"FEBEG, the Federation of Belgian Electricity and Gas Companies"
90947457424-20,GDF SUEZ,est affilié à,78903417544-46,"FEBEG, the Federation of Belgian Electricity and Gas Companies"
99578067285-35,ENI,est affilié à,78903417544-46,"FEBEG, the Federation of Belgian Electricity and Gas Companies"
03501997362-71,FORTUM,est affilié à,7899845424-69,CEWEP - Confederation of European waste-to-Energy Plants
541969311624-32,Wien Energie GmbH,est affilié à,7899845424-69,CEWEP - Confederation of European waste-to-Energy Plants
418701911503-17,British Ceramic Confederation (BCC),est affilié à,79465004946-12,Cerame-Unie- the European Ceramic Industry Association
7705861978-33,Fédérationn Française des Tuiles et Briques,est affilié à,79465004946-12,Cerame-Unie- the European Ceramic Industry Association
82041746393-10,Wienerberger AG,est affilié à,79465004946-12,Cerame-Unie- the European Ceramic Industry Association
013755513854-45,Borealis AG,est affilié à,80788715017-29,FERTILIZERS EUROPE
7410939793-88,BASF,est affilié à,80788715017-29,FERTILIZERS EUROPE
09571422185-81,VERBUND AG,est affilié à,80966174852-38,Oesterreichs Energie
541969311624-32,Wien Energie GmbH,est affilié à,80966174852-38,Oesterreichs Energie
90947457424-20,GDF SUEZ,est affilié à,80966174852-38,Oesterreichs Energie
03501997362-71,FORTUM,est affilié à,826982520594-95,SVEBIO – Swedish Bioenergy Association
10257354120-19,Neste Oil Corporation,est affilié à,826982520594-95,SVEBIO – Swedish Bioenergy Association
12955024114-93,Vattenfall AB,est affilié à,826982520594-95,SVEBIO – Swedish Bioenergy Association
481513911429-60,Klima-Bündnis Lëtzebuerg,est affilié à,83923664694-38,Climate Alliance
41816938101-07,Iberdola,est affilié à,849997016104-66,Unesa - Asociación Española de la Industria Eléctrica
56592866496-47,EDP - Energias de Portugal,est affilié à,849997016104-66,Unesa - Asociación Española de la Industria Eléctrica
67833029261-54,Gas Natural Fenosa,est affilié à,849997016104-66,Unesa - Asociación Española de la Industria Eléctrica
01312486176-25,Scotland Europa,est affilié à,86853666704-95,CEPS
05032108616-26,SHELL,est affilié à,86853666704-95,CEPS
0649790813-47 ,ACEA,est affilié à,86853666704-95,CEPS
06877217926-31,ENEL,est affilié à,86853666704-95,CEPS
07265875082-72,Federation of Finnish Enterprises,est affilié à,86853666704-95,CEPS
12955024114-93,Vattenfall AB,est affilié à,86853666704-95,CEPS
13073098010-57,Swedenergy AB,est affilié à,86853666704-95,CEPS
13255254129-80,VNO-NCW and MKB,est affilié à,86853666704-95,CEPS
15423437054-40,Verband der Chemischen Industrie (VCI),est affilié à,86853666704-95,CEPS
1634450483-86,Danish Agriculture & Food Council,est affilié à,86853666704-95,CEPS
17909506129-41,EUROGAS,est affilié à,86853666704-95,CEPS
1849405799-88,TOTAL,est affilié à,86853666704-95,CEPS
225005818352-31,LAFARGE,est affilié à,86853666704-95,CEPS
26207914726-42,Fuelseurope,est affilié à,86853666704-95,CEPS
3954187491-70,International Association of Oil & Gas Producers - OGP,est affilié à,86853666704-95,CEPS
3978240953-79,BusinessEurope,est affilié à,86853666704-95,CEPS
39966101835-69,EDF,est affilié à,86853666704-95,CEPS
41816938101-07,Iberdola,est affilié à,86853666704-95,CEPS
4447605981-76,STATOIL,est affilié à,86853666704-95,CEPS
45060553191-59,Hydro,est affilié à,86853666704-95,CEPS
479468313744-50,Irish Business and Employers Confederation,est affilié à,86853666704-95,CEPS
519256623442-26,LKAB,est affilié à,86853666704-95,CEPS
5265780509-97,AmCham - American Chamber of Commerce to the EU,est affilié à,86853666704-95,CEPS
56039441735-48,Central Union of Agricultural producers and Forest Owners - MTB,est affilié à,86853666704-95,CEPS
56592866496-47,EDP - Energias de Portugal,est affilié à,86853666704-95,CEPS
64879142323-90,European Chemical Industry Council – Cefic aisbl,est affilié à,86853666704-95,CEPS
69240395197-02,Repsol,est affilié à,86853666704-95,CEPS
72760517350-57,E.ON,est affilié à,86853666704-95,CEPS
76648765687-29,NASDAQ OMX,est affilié à,86853666704-95,CEPS
780146710855-91,European Lime Association,est affilié à,86853666704-95,CEPS
80788715017-29,FERTILIZERS EUROPE,est affilié à,86853666704-95,CEPS
,Confindustria,est affilié à,86853666704-95,CEPS
13324391892-74,EnBW,est affilié à,88403261302-20,"AGFW | Der Energieeffizienzverband für Wärme, Kälte und KWK e. V"
17284292859-45,Stadtwerke München GmbH,est affilié à,88403261302-20,"AGFW | Der Energieeffizienzverband für Wärme, Kälte und KWK e. V"
7410939793-88,BASF,est affilié à,88403261302-20,"AGFW | Der Energieeffizienzverband für Wärme, Kälte und KWK e. V"
09571422185-81,VERBUND AG,est affilié à,89093924456-06,IV - Federation of Austrian Industries
94274031992-65,OMV Aktiengesellschaft,est affilié à,89093924456-06,IV - Federation of Austrian Industries
406700112988-86,Asociación Española de Cogeneración (ACOGEN),est affilié à,905001612275-82,Enagas
10405322962-08,Wirtschaftskammer Österreich (WKO),est affilié à,9089874181-55,AIE - European Association of Electrical Contractors
778759511497-23,ADENE – Agência para a Energia,est affilié à,911689722889-60,"European Energy Network, EnR"
4016736872-59,GE - General Electric,est affilié à,91684615435-86,Friends of the Supergrid
56039866688-26,National Grid,est affilié à,91684615435-86,Friends of the Supergrid
10405322962-08,Wirtschaftskammer Österreich (WKO),est affilié à,92221016212-42,FIEC - The European Construction Industry Federation
623798014057-26,Danish Construction Association,est affilié à,92221016212-42,FIEC - The European Construction Industry Federation
014218910510-57,"EEF, the manufacturers’ organisation/ UK Steel",est affilié à,93038071152-83,EUROFER - European Steel Association
721647010823-15,ThyssenKrupp,est affilié à,93038071152-83,EUROFER - European Steel Association
83425058760-88,Federacciai - Federation of the Italian Steel Companies,est affilié à,93038071152-83,EUROFER - European Steel Association
479468313744-50,Irish Business and Employers Confederation,est affilié à,93987316076-63,"CEMBUREAU, the European Cement Association"
52195525403-65,Novozymes,est affilié à,94140411659-52 ,PANGEA Partners for Euro-African Green Energy
4447605981-76,STATOIL,est affilié à,9434415651-11,Federation of Norwegian Industries
45060553191-59,Hydro,est affilié à,9434415651-11,Federation of Norwegian Industries
1414929419-24,World Wildlife Fund,est affilié à,948333125186-06,Climate-Kic
52774696782-43,Commissariat à l’Energie Atomique et aux Energies Alternatives,est affilié à,948333125186-06,Climate-Kic
72103751229-92,VEOLIA ENVIRONNEMENT,est affilié à,948333125186-06,Climate-Kic
72760517350-57,E.ON,est affilié à,948333125186-06,Climate-Kic
90947457424-20,GDF SUEZ,est affilié à,948333125186-06,Climate-Kic
999630923811-90,ICLEI,est affilié à,948333125186-06,Climate-Kic
12955024114-93,Vattenfall AB,est affilié à,952322311484-70,EDSO - European Distribution System Operators' Association
12955024114-93,Vattenfall AB,est affilié à,952322311484-70,EDSO - European Distribution System Operators' Association
13324391892-74,EnBW,est affilié à,952322311484-70,EDSO - European Distribution System Operators' Association
41816938101-07,Iberdola,est affilié à,952322311484-70,EDSO - European Distribution System Operators' Association
429600710582-32,"CEZ, a.s",est affilié à,952322311484-70,EDSO - European Distribution System Operators' Association
56592866496-47,EDP - Energias de Portugal,est affilié à,952322311484-70,EDSO - European Distribution System Operators' Association
68134637922-07,ERDF,est affilié à,952322311484-70,EDSO - European Distribution System Operators' Association
72760517350-57,E.ON,est affilié à,952322311484-70,EDSO - European Distribution System Operators' Association
plus enregistré 342012711453-30 ,ENEA Trading,est affilié à,952322311484-70,EDSO - European Distribution System Operators' Association
,TAURON Polska Energia SA,est affilié à,952322311484-70,EDSO - European Distribution System Operators' Association
769186224869-06,VESTAS,est affilié à,952632114087-19,BWE - German Wind Energy Association
96327066302-56,Statkraft,est affilié à,952632114087-19,BWE - German Wind Energy Association
,ENERCON,est affilié à,952632114087-19,BWE - German Wind Energy Association
05032108616-26,SHELL,est affilié à,953933297-85,AFEP - Cercle de l'Industrie
1849405799-88,TOTAL,est affilié à,953933297-85,AFEP - Cercle de l'Industrie
225005818352-31,LAFARGE,est affilié à,953933297-85,AFEP - Cercle de l'Industrie
39966101835-69,EDF,est affilié à,953933297-85,AFEP - Cercle de l'Industrie
4016736872-59,GE - General Electric,est affilié à,953933297-85,AFEP - Cercle de l'Industrie
423266516181-19,Kingfisher PLC,est affilié à,953933297-85,AFEP - Cercle de l'Industrie
43284012043-03,ALSTOM,est affilié à,953933297-85,AFEP - Cercle de l'Industrie
46302264606-44,Schneider Electric,est affilié à,953933297-85,AFEP - Cercle de l'Industrie
58089691185-94,SOLVAY,est affilié à,953933297-85,AFEP - Cercle de l'Industrie
72103751229-92,VEOLIA ENVIRONNEMENT,est affilié à,953933297-85,AFEP - Cercle de l'Industrie
90947457424-20,GDF SUEZ,est affilié à,953933297-85,AFEP - Cercle de l'Industrie
43284012043-03,ALSTOM,est affilié à,9624415524-28,UNIFE - the European Rail Industry
02430347902-54,Eneco,est affilié à,97560524441-16,Renewable Energy Association
1849405799-88,TOTAL,est affilié à,97560524441-16,Renewable Energy Association
03501997362-71,FORTUM,est affilié à,975741812941-63,RECS International
084019910467-43,ECOHZ AS,est affilié à,975741812941-63,RECS International
401111262-07,EDISON,est affilié à,975741812941-63,RECS International
516404410590-13,ADGER ENERGY,est affilié à,975741812941-63,RECS International
963142911472-29 ,BKK,est affilié à,975741812941-63,RECS International
02430347902-54,Eneco,est affilié à,97810874431-67 ,AEBIOM - European Biomass Association
03501997362-71,FORTUM,est affilié à,97810874431-67 ,AEBIOM - European Biomass Association
150712220857-50,BORD NA MÓNA POWERGEN,est affilié à,97810874431-67 ,AEBIOM - European Biomass Association
1849405799-88,TOTAL,est affilié à,97810874431-67 ,AEBIOM - European Biomass Association
29528175589-79,APREN – the Portuguese Renewable Energy Association,est affilié à,97810874431-67 ,AEBIOM - European Biomass Association
639259811501-33  ,Estonian Renewable Energy Association,est affilié à,97810874431-67 ,AEBIOM - European Biomass Association
72103751229-92,VEOLIA ENVIRONNEMENT,est affilié à,97810874431-67 ,AEBIOM - European Biomass Association
82064144358-30,APPA - Spanish Renewable Energy Association,est affilié à,97810874431-67 ,AEBIOM - European Biomass Association
826982520594-95,SVEBIO – Swedish Bioenergy Association,est affilié à,97810874431-67 ,AEBIOM - European Biomass Association
870817015429-80,DONG Energy,est affilié à,97810874431-67 ,AEBIOM - European Biomass Association
90947457424-20,GDF SUEZ,est affilié à,97810874431-67 ,AEBIOM - European Biomass Association
96327066302-56,Statkraft,est affilié à,97810874431-67 ,AEBIOM - European Biomass Association
,Austrian Biomass Association,est affilié à,97810874431-67 ,AEBIOM - European Biomass Association
,EDORA,est affilié à,97810874431-67 ,AEBIOM - European Biomass Association
1414929419-24,World Wildlife Fund,est affilié à,9825553393-31,Friends of the Earth Europe
83237681344-24,Bund für Umwelt und Naturschutz Deutschland,est affilié à,9825553393-31,Friends of the Earth Europe
927189614844-23,NOAH Friends of the Earth Denmark,est affilié à,9825553393-31,Friends of the Earth Europe
98048278485-29,Focus Association for Sustainable Development,est affilié à,9825553393-31,Friends of the Earth Europe
06798511314-27,European Environmental Bureau,est affilié à,98277414699-83,EU Umweltbüro
971446611568-25,Knauf Insulation,est affilié à,98345631631-22,EURIMA - European Insulation Manufacturers Association
0285583802-96,Nature and Biodiversity Conservation Union (NABU),est affilié à,98430135820-35,DNR - Deutscher Naturschutzring
83237681344-24,Bund für Umwelt und Naturschutz Deutschland,est affilié à,98430135820-35,DNR - Deutscher Naturschutzring
27993486325-38,PU Europe,est affilié à,99005441548-23,EuroACE - European Alliance of Companies for Energy Efficiency in Buildings
423142010527-25,VELUX Group,est affilié à,99005441548-23,EuroACE - European Alliance of Companies for Energy Efficiency in Buildings
78601138241-84,DVFG – Deutscher Verband Flüssiggas (German LPG association),est affilié à,99005441548-23,EuroACE - European Alliance of Companies for Energy Efficiency in Buildings
971446611568-25,Knauf Insulation,est affilié à,99005441548-23,EuroACE - European Alliance of Companies for Energy Efficiency in Buildings
03451096957-77,EuSalt,est affilié à,,Euro Chlor
03501997362-71,FORTUM,est affilié à,,Swedish Wind Energy Association
10790718699-18,European Solar Thermal Industry Federation (ESTIF),est affilié à,,European Technology Platform on Renewable Heating and Cooling
12955024114-93,Vattenfall AB,est affilié à,,Swedish Wind Energy Association
1414929419-24,World Wildlife Fund,est affilié à,,The Polish Climate Coalition
23643001178-02,European heat Pump Association,est affilié à,,European Technology Platform on Renewable Heating and Cooling
23643001178-02,European heat Pump Association,est affilié à,,Heat Coalition
25748484862-49,EUROPEAN FEDERATION OF INTELLIGENT ENERGY EFFICIENCY SERVICES,est affilié à,,Heat Coalition
29934726424-76,Bellona Foundation,est affilié à,,European Biofuels Technology Platform
319496319069-35,Anigas – Associazione Nazionale Industriali Gas,est affilié à,,Confindustria
352103717639-15,TVO,est affilié à,,European Nuclear Energy Forum (ENEF)
38235121060-73,Dow Chemical,est affilié à,,Euro Chlor
401111262-07,EDISON,est affilié à,,ASSOELETTRICA
401111262-07,EDISON,est affilié à,,Confindustria
4016736872-59,GE - General Electric,est affilié à,,Swedish Wind Energy Association
41126912590-71,AREVA,est affilié à,,European Nuclear Energy Forum (ENEF)
429600710582-32,"CEZ, a.s",est affilié à,,European Nuclear Energy Forum (ENEF)
58089691185-94,SOLVAY,est affilié à,,Euro Chlor
64436972598-17,SSE,est affilié à,,Renewable UK
64879142323-90,European Chemical Industry Council – Cefic aisbl,est affilié à,,Euro Chlor
7410939793-88,BASF,est affilié à,,Euro Chlor
769186224869-06,VESTAS,est affilié à,,Swedish Wind Energy Association
77608353460-77,RWE,est affilié à,,European Nuclear Energy Forum (ENEF)
83425058760-88,Federacciai - Federation of the Italian Steel Companies,est affilié à,,Confindustria
90947457424-20,GDF SUEZ,est affilié à,,Swedish Wind Energy Association
96327066302-56,Statkraft,est affilié à,,Swedish Wind Energy Association
9832909575-41,Greenpeace,est affilié à,,The Polish Climate Coalition
9931891670-73,Federchimica,est affilié à,,Confindustria
99578067285-35,ENI,est affilié à,,Confindustria
,ENERCON,est affilié à,,Swedish Wind Energy Association
