Reference,Name,Lobby ID,Abbreviation,Country,Type,Lobby Expense (th. €),Emission reduction target equal or above 40%,Energy Efficiency target,Exploitation of indigenous fossil energy,Renewable Energy target
145,GEODE - The Voice of local Energy Distributors across Europe,00098856602-24,GEODE,Europe,"Non-governmental organisations, platforms and networks and similar",550000,,,,
98,EUROCHAMBRES – The Association of European Chambers of Commerce and Industry,0014082722-83,EUROCHAMBRES,Europe,Trade and business associations,2125000,,OPPOSE,SUPPORT,
214,Allianz der öffentlichen Wasserwirtschaft (AöW),00481013843-28,AöW,Germany,Trade and business associations,25000,,,,
41,HEAL,00723343929-96,HEAL,Europe,"Non-governmental organisations, platforms and networks and similar",125000,,SUPPORT,OPPOSE,
377,CECODHAS Housing Europe,0124622797-55,Housing Europe,Europe,"Non-governmental organisations, platforms and networks and similar",325000,,,,
432,Scotland Europa,01312486176-25,Scotland Europa,United Kingdom,Other sub-national public authorities,25000,,,,
296,Borealis AG,013755513854-45,Borealis,Austria,Trade and business associations,1875000,,OPPOSE,SUPPORT,OPPOSE
483,"EEF, the manufacturers’ organisation/ UK Steel",014218910510-57,EEF UK Steel,United Kingdom,Trade and business associations,na,,,,
196,Verband der Deutschen Biokraftstoffindustrie,01816267633-71,VDB,Germany,Trade and business associations,25000,,,,
229,EPAGMA - European Peat and Growing Media Association,01873234294-62,EPAGMA,Europe,"Non-governmental organisations, platforms and networks and similar",125000,,,,
411,Confrontations Europe,01995086879-32,Confrontations Europe,Europe,Think tanks and research institutions,75000,,,,
185,CIP – Confederation of Portuguese Business,022255314501-32,CIP,Portugal,Trade and business associations,na,,,,
311,Eneco,02430347902-54,Eneco,Netherlands,Companies & groups,25000,,,,
19,Change Partnership,027333110679-45,Change Partnership,Belgium,"Non-governmental organisations, platforms and networks and similar",25000,,,,
14,Nature and Biodiversity Conservation Union (NABU),0285583802-96,NABU,Germany,"Non-governmental organisations, platforms and networks and similar",375000,SUPPORT,SUPPORT,,SUPPORT
192,CONFEDERACIÓN ESPAÑOLA DE ORGANIZACIONES EMPRESARIALES,02963738854-41,CEOE,Spain,Trade and business associations,812087,,,,
68,Asociación Española de Operadores de Productos Petrolíferos (AOP),032095416055-85,AOP,Spain,Trade and business associations,na,,,,
85,EuSalt,03451096957-77,EuSalt,Europe,Trade and business associations,75000,,SUPPORT,,OPPOSE
346,FORTUM,03501997362-71,Fortum Keilaniemi,Finland,Companies & groups,na,SUPPORT,OPPOSE,SUPPORT,OPPOSE
25,APERe,035225320599-22,APERe,Belgium,"Non-governmental organisations, platforms and networks and similar",na,,,,
480,The European Committee of Domestic Equipment Manufacturers (CECED),04201463642-88,CECED,Europe,Trade and business associations,550000,,,,
340,SHELL,05032108616-26,Shell,Netherlands,Companies & groups,4375000,,OPPOSE,SUPPORT,OPPOSE
260,First Solar GmbH,05233891201-35,First Solar,United States,Companies & groups,na,SUPPORT,SUPPORT,,SUPPORT
254,FECER (Fédération Européenne des Cadres de l'énergie),06436048400-37,FECER,Europe,Trade unions and professional associations,25000,SUPPORT,,,
75,ACEA,0649790813-47 ,ACEA,Europe,Trade and business associations,2125000,,OPPOSE,SUPPORT,OPPOSE
420,European Trade Union Confederation,06698681039-26,ETUC,Europe,Trade unions and professional associations,75000,,,,
28,European Environmental Bureau,06798511314-27,EEB,Europe,"Non-governmental organisations, platforms and networks and similar",650000,,,,
458,International Association of Public Transport,06869148182-50,UITP,International,Trade and business associations,750000,,,,
315,ENEL,06877217926-31,ENEL,Italy,Companies & groups,75000,,OPPOSE,SUPPORT,OPPOSE
245,"European Landowners' Association, European Property Federation, European Group of Valuers' Associations, European Historic Houses Association",070444714545-60,"ELo, EPF, TEGoVAn European Historic Houses",Europe,Trade and business associations,150000,,SUPPORT,,
101,Federation of Finnish Enterprises,07265875082-72,FFE,Finland,Trade and business associations,na,,OPPOSE,,OPPOSE
33,Ren Energioplysning (REO),075624711129-13,REO,Denmark,"Non-governmental organisations, platforms and networks and similar",25000,,,OPPOSE,OPPOSE
430,Deutscher Gewerkschaftsbund (DGB),07595112423-87,DGB,Germany,Trade unions and professional associations,286000,,,,
149,CIFF - Chemical Industry Federation of Finland,07682415745-25,CIFF,Finland,Trade and business associations,25000,,,,
37,E3G - Third Generation Environmentalism,07783117686-61,E3G,Europe,Think tanks and research institutions,25000,,,,
255,ECOHZ AS,084019910467-43,ECOHZ,Europe,Companies & groups,25000,,,,
390,Collegi Oficial d'Enginyers Agrònoms de Catalunya,088919911489-91 ,COEAC,Spain,Trade and business associations,25000,,,,
219,Bundesverband deutscher Wohnungs- und Immobilienunternehmen,089167355-44,GdW,Germany,Trade and business associations,110000,,OPPOSE,,OPPOSE
128,Climate Market and Investment Associations,092289314455-70,CMIA,International,Trade and business associations,25000,,,,
205,European Builders Confederation EBC,09256701147-51,EBC,Europe,Trade and business associations,175000,,SUPPORT,,
230,Union des Industries Chimiques - UIC,0935153658-47,UIC,France,Trade unions and professional associations,75000,,,,
336,VERBUND AG,09571422185-81,Verbund,Austria,Companies & groups,175000,,,,
392,"European Energy Exchange (EEX),",09579576238-53,EEX,Europe,Companies & groups,125000,,,SUPPORT,
235,COPA-COGECA,09586631237-74,COPA-COGECA,Europe,Trade and business associations,na,,,,
452,Climate Strategies,101582711494-15,Climate Strategies,United Kingdom,"Non-governmental organisations, platforms and networks and similar",25000,,,,
293,Neste Oil Corporation,10257354120-19,Neste Oil,Finland,Companies & groups,na,,,,
204,Wirtschaftskammer Österreich (WKO),10405322962-08,WKO,Austria,"Other public or mixed entities, created by law whose purpose is to act in the public interest",950000,,,,
72,European Solar Thermal Industry Federation (ESTIF),10790718699-18,ESTIF,Europe,Trade and business associations,25000,SUPPORT,SUPPORT,OPPOSE,SUPPORT
6,BirdLife Europe,1083162721-43 ,BirdLife Europe,Europe,"Non-governmental organisations, platforms and networks and similar",na,,,,
268,IKEA,1095068839-59,IKEA,Sweden,Companies & groups,325000,OPPOSE,SUPPORT,,
335,Paikallisvoima ry -The Finnish Local Power Association,109601212076-63,Paikallisvoima,Finland,Trade and business associations,25000,,,,
137,"EGEC, the European Geothermal Energy Council",11458103335-07,EGEC,Europe,Trade and business associations,75000,,,,
438,Energy Cities,11514322965-05,Energy Cities,Europe,"Non-governmental organisations, platforms and networks and similar",25000,,,,
454,Fondazione Eni Enrico Mattei,119161911333-40,FEEM,Italy,Think tanks and research institutions,25000,OPPOSE,OPPOSE,,OPPOSE
134,Confederation of Finnish Industries EK,1274604847-34,EK,Finland,Trade and business associations,425000,,,,
343,Vattenfall AB,12955024114-93,Vattenfall,Sweden,Companies & groups,275000,,,,
178,Swedenergy AB,13073098010-57,Svensk Energi,Sweden,Trade and business associations,25000,,,,
485,International Gas Union,13083157825-94,IGU,International,Trade and business associations,25000,,,,
252,VNO-NCW and MKB,13255254129-80,VNO-NCW and MKB,Netherlands,Trade and business associations,650000,,OPPOSE,,OPPOSE
465,EASAC European Academies Science Advisory Council,133236011647-58,EASAC,Europe,Academic institutions,na,,,,
358,EnBW,13324391892-74,EnBW,Germany,Companies & groups,1200000,,SUPPORT,,SUPPORT
244,Energy UK,13457582538-68,Energy UK,United Kingdom,Trade and business associations,60000,,,,
303,RHI,138083013988-72,RHI,Austria,Companies & groups,150000,,,,
404,Stichting Enerchique Foundation,140992111418-09 ,Fondation A Stichting,Belgium,"Non-governmental organisations, platforms and networks and similar",na,,,,
4,World Wildlife Fund,1414929419-24,WWF,International,"Non-governmental organisations, platforms and networks and similar",650000,,,,
113,Industrial Minerals Association Europe,14190001484-01,IMA-Europe,Europe,Trade and business associations,25000,,OPPOSE,SUPPORT,OPPOSE
208,Verband Kommunaler Unternehmen (VKU),1420587986-32,VKU,Germany,Companies & groups,175000,,,,
152,EMIRI - Energy Materials Industrial Research Initiative,143035111648-31,EMIRI,Europe,Trade and business associations,25000,,,,
478,BORD NA MÓNA POWERGEN,150712220857-50,BnM,Ireland,Companies & groups,na,,,,
383,Investment Property Forum (IPF),151425218350-89,IPF,United Kingdom,Trade and business associations,na,,OPPOSE,,OPPOSE
209,Verband der Chemischen Industrie (VCI),15423437054-40,VCI,Germany,Trade and business associations,25000,,,,
189,FEVE - the European Container Glass Federation,1550133398-72,FEVE,Europe,Trade and business associations,na,,,SUPPORT,
114,Bundesverband Erneuerbare Energie e.V.,15511499334-46,BEE,Germany,Trade and business associations,25000,SUPPORT,SUPPORT,,SUPPORT
227,AEE - Spanish Wind Power Association,157030317994-18,AEE,Spain,Trade and business associations,na,,,,
46,Glass for Europe,15997912445-80,Glass for Europe,Europe,Trade and business associations,125000,,SUPPORT,,SUPPORT
354,Dii GmbH,16020059773-15  ,Dii,Germany,Companies & groups,na,,,,
427,Vereinte Dienstleistungsgewerkschaft,16178359495-57,Ver.di,Germany,Trade unions and professional associations,125000,,,,
176,Danish Agriculture & Food Council,1634450483-86,DAFC,Denmark,Trade and business associations,225000,,,,
2,INFORSE-Europe,1651695283-80 ,INFORSE-Europe,Europe,"Non-governmental organisations, platforms and networks and similar",75000,,,,SUPPORT
186,Association for District Heating of the Czech Republic (ADHCR),169439010937-02,ADH CR,Czech Republic,Trade and business associations,25000,,,,
55,Cooperatives Europe,16999985032-07,Coopseurope,Europe,Trade and business associations,175000,,SUPPORT,,SUPPORT
218,Deutsche Säge- und Holzindustrie (DeSH),171640811897-34,DeSH,Germany,Trade and business associations,25000,,,,
195,Spanish Gas Association (SEDIGAS),172134011452-07,SEDIGAS,Spain,Trade and business associations,25000,,,,
313,Stadtwerke München GmbH,17284292859-45,SWM,Germany,Companies & groups,125000,,,,
161,Danish Energy Association,1733114388-50,DEA,Denmark,Trade and business associations,175000,,,,
32,Alchemia-Nova,174549611338-89,Alchemia Nova,Germany,Think tanks and research institutions,25000,OPPOSE,,,SUPPORT
112,EUROGAS,17909506129-41,Eurogas,Netherlands,Trade and business associations,2744800,SUPPORT,OPPOSE,SUPPORT,OPPOSE
47,IATA - International Air Transport Association,1805107590-28,IATA,International,Trade and business associations,200000,,,,OPPOSE
225,EPPSA - European Power Plant Suppliers Association,18146381379-29,EPPSA,Europe,Trade and business associations,75000,,,,
53,European Biogas Association,18191445640-83,EBA,Europe,Trade and business associations,125000,,SUPPORT,,SUPPORT
347,TOTAL,1849405799-88,Total,France,Companies & groups,2625000,,,,OPPOSE
246,EURO ALLIAGES - Association of European Ferro-Alloy Producers,19153965510-75,Euroalliages,Europe,Trade and business associations,25000,,,,
305,AIVE - Portuguese Container Glass Industry,192594214094-84 ,AIVE,Portugal,Trade and business associations,25000,,,,
126,DENEFF - German Business Association for Energy Efficiency,19736167705-91,DENEFF,Germany,Trade and business associations,75000,,SUPPORT,,SUPPORT
123,IFIEC Europe - International Federation of Industrial Energy Consumers,1978775156-31,IFIEC Europe,Europe,"Non-governmental organisations, platforms and networks and similar",125000,,OPPOSE,SUPPORT,OPPOSE
81,EURACOAL aisbl (European Association for Coal and Lignite),19853116579-64,EURACOAL,Europe,Trade and business associations,225000,,,,
96,EWEA - European Wind Energy Association,19920706471-21,EWEA,Europe,Trade and business associations,670000,,SUPPORT,OPPOSE,SUPPORT
158,Orgalime - European Engineering Industries Association,20210641335-88,Eunited,Europe,Trade and business associations,225000,,,,
477,Bundesverband der Energie- und Wasserwirtschaft,20457441380-38,BDEW,Germany,Trade and business associations,2875000,,,,
144,EU-BAC European Building Automation and Controls Association,20943263315-44,eu.bac,Europe,Trade and business associations,na,,,,
466,Deutsches Zentrum für Luft- und Raumfahrt e.V. (DLR) German Aerospace Center,21280626733-05,DLR,Germany,Think tanks and research institutions,650000,,,,
83,FEAD - European Federation of Waste Management and Environmental Services,2157643512-49,FEAD,Europe,Trade and business associations,200000,,,,
374,The Lithuanian Free Market Institute LFMI,222186719128-03,LFMI,Lithuania,Think tanks and research institutions,na,,,,
57,EPEE - European Partnership of Energy and environment,22276738915-67,EPEE,Europe,Trade and business associations,275000,,SUPPORT,,
249,DIHK - Deutscher Industrie- und Handelskammertag,22400601191-42,DIHK,Germany,Trade and business associations,2200000,,,,
256,LAFARGE,225005818352-31,Lafarge,France,Companies & groups,125000,,,SUPPORT,
50,British Agriculture Bureau,23029147081-37,BAB,United Kingdom,Trade and business associations,25000,,,,SUPPORT
92,European heat Pump Association,23643001178-02,EHPA,Europe,Trade and business associations,425000,,SUPPORT,SUPPORT,SUPPORT
429,Bundesarbeitskammer Österreich,23869471911-54,BAK,Austria,Trade unions and professional associations,325000,,,,
356,ESB - Electriciy Supply Board,241656822426-29,ESB,Ireland,Companies & groups,na,,,,
379,Confederation Lewiatan,251117611140-75,Confederation Lewiatan,Poland,Trade and business associations,25000,OPPOSE,OPPOSE,SUPPORT,OPPOSE
104,"Swedish Recycling Industries´ Assocation, SRI",255548111478-45,Swedish Recycling Industries' Association,Sweden,Trade and business associations,17000,,,,
116,Polish Electricity Association - PKEE,255859710443-50,PKEE,Poland,Trade and business associations,425000,,,,
418,Teknikföretagen,257226411720-38,Teknikföretagen,Sweden,Trade and business associations,750000,,,,
77,EUROPEAN FEDERATION OF INTELLIGENT ENERGY EFFICIENCY SERVICES,25748484862-49,EFIEES,Europe,Trade and business associations,225000,,SUPPORT,OPPOSE,
154,Fuelseurope,26207914726-42,FuelsEurope,Europe,Trade and business associations,425000,,,,
237,European Ocean Energy Association,264048311507-68,EUOEA,Europe,Trade and business associations,25000,,,,
59,EPIA - European Photovoltaic Industry Association,2680046412-48,EPIA,Europe,Trade and business associations,175000,SUPPORT,SUPPORT,OPPOSE,SUPPORT
394,Swedish_Union_of_tenants,268508011364-70,The Swedish Union of Tenants,Sweden,"Non-governmental organisations, platforms and networks and similar",na,,,,
121,PU Europe,27993486325-38,PU Europe,Europe,Trade and business associations,25000,,SUPPORT,,SUPPORT
241,IKEM - Innovation and Chemical Industries in Sweden,281120313987-31,IKEM,Sweden,Trade and business associations,4000,,,,
461,Fachagentur Nachwachsende Rohstoffe e.V. – FNR (Agency for Renewable Resources),282178211569-81,FNR,Germany,"Other public or mixed entities, created by law whose purpose is to act in the public interest",25000,,,,SUPPORT
132,Fedil- Business Federation Luxembourg,286194516022-33,Fedil,Luxembourg,Trade and business associations,na,,,,
389,Verbraucherzentrale Bundesverband e.V. Federation of German Consumer Organisations,2893800753-48,Verbraucherzentrale Bundesverband e.V. (Federation of German Consumer Organisations),Germany,"Non-governmental organisations, platforms and networks and similar",na,,SUPPORT,,SUPPORT
337,TenneT,289810215426-07,TenneT,Netherlands,Companies & groups,na,,,,
288,Wärtsilä,289922721213-66,Wärtsilä,Finland,Companies & groups,na,,,,
344,SHV Energy,292576015608-71,SHV Energy,Netherlands,Companies & groups,na,,,,
150,APREN – the Portuguese Renewable Energy Association,29528175589-79,APREN,Portugal,Trade unions and professional associations,425000,,,,
43,Bellona Foundation,29934726424-76,Bellona,Europe,"Non-governmental organisations, platforms and networks and similar",175000,,,,
338,N.V. Nederlandse Gasunie,29967294656-11,Gasunie,Netherlands,Companies & groups,75000,,,,
122,French Union of Electricity,30146663069-53,UFE,France,Trade and business associations,125000,,,,
73,Eurofuel,31843397020-27,Eurofuel,Europe,Trade and business associations,225000,,,,
34,Inter-Environnement Wallonie,318640620183-35,IEW,Belgium,"Non-governmental organisations, platforms and networks and similar",na,,,,
120,Anigas – Associazione Nazionale Industriali Gas,319496319069-35,Anigas,Italy,Trade and business associations,na,,,,
160,ePURE - European renewable ethanol industry,32591134448-30,Epure,Europe,Trade and business associations,125000,,,,
210,Aussenhandelsverband für Mineralöl und Energie (AFM+E),33629954785-84,AFM+E,Germany,Trade and business associations,75000,,,,
353,BP - British Petroleum,3394026642-58,BP,United Kingdom,Companies & groups,650000,,OPPOSE,SUPPORT,OPPOSE
304,INEOS,344826112965-44,INEOS,Switzerland,Companies & groups,25000,,,,
124,European Solar Thermal Electricity Association ESTELA,347776811076-78,ESTELA,Europe,Trade and business associations,425000,,SUPPORT,OPPOSE,SUPPORT
202,Verband der Industriellen Energie- und Kraftwirtschaft,34954249295-81,VIK,Germany,Trade and business associations,225000,,,,
314,TVO,352103717639-15,TVO,Finland,Companies & groups,na,,,,
117,Swedish Forest Industries Federation,355702910008-47,Swedish Forest Industries Federation,Sweden,Trade and business associations,25000,,,,OPPOSE
425,industriAll European Trade Union,358284014848-82,industriAll European Trade Union,Europe,Trade unions and professional associations,25000,,SUPPORT,,SUPPORT
203,Wirtschaftskammer Österreich (WKO) Fachverband Steine - Keramik,35832214158-18,WKO - Fachverband Steine - Keramik,Austria,Trade and business associations,25000,,,,
298,OBB,36636102190-34,OBB,Austria,Companies & groups,125000,,,,
416,REN,36820998995-30,RenEnergy,United Kingdom,Companies & groups,na,,,,
111,"SveMin, Swedish Association of Mines, Mineral and Metal Producers",374860614091-68,SveMin,Sweden,Trade and business associations,6000,,,,
66,EU-ASE European Alliance to Save Energy,37816636575-51,EU-ASE,Europe,Trade and business associations,275000,,SUPPORT,,
395,The Prince of Wales’s EU Corporate Leaders Group (EUCLG),381796719468-68,EUCLG,Europe,Trade and business associations,na,,,,
399,"Euro Coop, the European Community of Consumer Co-operatives",3819438251-87,Euro Coop,Europe,"Non-governmental organisations, platforms and networks and similar",475000,,,,
282,Dow Chemical,38235121060-73,DOW,United States,Companies & groups,850000,,,,
481,COGEN Europe,38305846546-70,COGEN,Europe,Trade and business associations,375000,,,,
222,European Federation of Energy Traders (EFET),38589651649-14,EFET,Europe,Trade and business associations,425000,,,,
239,Chance for Buildings,388419813370-85,Chance for Buildings,Czech Republic,Trade and business associations,25000,,,,
62,EUROPEAN FEDERATION OF NATIONAL ASSOCIATIONS OF WATER AND WASTE WATER SERVICES,39299129772-62,EurEAU,Europe,Trade and business associations,225000,,,OPPOSE,
115,Association of Large Energy Consumers (SVSE),394158311340-73  ,SVSE,Czech Republic,Trade and business associations,75000,,,,OPPOSE
190,International Association of Oil & Gas Producers - OGP,3954187491-70,IOGP,International,Trade and business associations,1800000,,,,
11,Quaker Council for European Affairs (QCEA),3960234639-24,QCEA,Belgium,"Non-governmental organisations, platforms and networks and similar",225000,SUPPORT,SUPPORT,OPPOSE,SUPPORT
141,Finnish Forest Industries Federation,39671713910-36,FFIF,Finland,Trade and business associations,25000,,OPPOSE,,OPPOSE
80,Federation Finnish Technology Industries,39705603497-38,Federation of Finnish Rechnology Industry,Finland,Trade and business associations,125000,SUPPORT,OPPOSE,,OPPOSE
67,BusinessEurope,3978240953-79,BUSINESSEUROPE,Europe,Trade and business associations,4125000,,,SUPPORT,
171,Confederation of Swedish Enterprise,39912257528-48,Confederation of Swedish Enterprise,Sweden,Trade and business associations,475000,,,,
327,EDF,39966101835-69,EDF,France,Companies & groups,2125000,,,,
184,Electricity Association of Ireland,400886110592-21,EA Ireland,Ireland,Trade and business associations,25000,,,,
334,EDISON,401111262-07,EDISON,Italy,Companies & groups,325000,,,,
355,GE - General Electric,4016736872-59,GE,United States,Companies & groups,3375000,,,SUPPORT,SUPPORT
64,Asociación Española de Cogeneración (ACOGEN),406700112988-86,ACOGEN,Spain,Trade and business associations,25000,,,,
348,AREVA,41126912590-71,Areva,France,Companies & groups,425000,SUPPORT,,OPPOSE,OPPOSE
228,IRU - International Road Transport Union,41802525291-86,IRU,International,Trade and business associations,475000,,,SUPPORT,
310,Iberdola,41816938101-07,Iberdrola,Spain,Companies & groups,650000,,OPPOSE,SUPPORT,OPPOSE
60,British Ceramic Confederation (BCC),418701911503-17,BCC,United Kingdom,Trade and business associations,75000,,OPPOSE,SUPPORT,OPPOSE
23,Food and Water Europe,42119616334-41,Food & Water Europe,Europe,"Non-governmental organisations, platforms and networks and similar",225000,,,,
273,VELUX Group,423142010527-25,Velux,Denmark,Companies & groups,25000,,,,
261,Kingfisher PLC,423266516181-19,Kingfisher,United Kingdom,Companies & groups,na,,,,
109,FORATOM,42433582-82,FORATOM,Europe,Trade and business associations,1971611,SUPPORT,OPPOSE,,OPPOSE
170,"Apetro, the National Oil Industry Association of Portugal",424387214082-04,APETRO,Portugal,Trade and business associations,25000,,,,
191,ACI EUROPE (Airports Council International),42566063487-73 ,ACI Europe,Europe,Other sub-national public authorities,na,,,,
153,EURELETRIC,4271427696-87,EURELECTRIC,Europe,Trade and business associations,375000,,,,
69,UPEI Union Pétrolière Européenne Indépendante,42843016904-50,UPEI,Europe,Trade and business associations,25000,,OPPOSE,,OPPOSE
332,"CEZ, a.s",429600710582-32,CEZ,Czech Republic,Companies & groups,275000,,,,
487,Associazione Verdi Ambiente e Società Onlus,430975111376-25 ,VAS,Italy,"Non-governmental organisations, platforms and networks and similar",125000,,,,
423,Austrian Trade Union Federation ÖGB (Österreichischer Gewerkschaftsbund),43246044354-41,OGB,Austria,Trade unions and professional associations,225000,,,,
281,ALSTOM,43284012043-03,Alstom,France,Companies & groups,225000,SUPPORT,SUPPORT,,SUPPORT
179,MEDEF,43763731235-75,MEDEF,France,Trade and business associations,850000,,,,
56,EASE – European Association for Storage of Energy,43859808000-87,EASE,Europe,Trade and business associations,25000,,,,
333,STATOIL,4447605981-76,Statoil,Norway,Companies & groups,950000,,OPPOSE,SUPPORT,OPPOSE
321,"Red Eléctrica de España, SAU",44688805318-45,REE,Spain,Companies & groups,270000,,,,
182,UNIONE PETROLIFERA,449131111476-44  ,UP,Italy,Trade and business associations,70000,,,,
294,Hydro,45060553191-59,Hydro,Norway,Companies & groups,550000,,,,OPPOSE
339,ACCIONA,451019811573-55 ,Acciona,Spain,Companies & groups,2125000,,,,
482,Confederation of Paper Industries (UK),453515910702-95,CPI,United Kingdom,Trade and business associations,75000,,,,
165,PlasticsEurope,454264611835-56,PlasticsEurope,Europe,Trade and business associations,na,,,,
213,"German Association of water, wastewater and waste (DWA)",460445611477-43 ,DWA,Germany,"Non-governmental organisations, platforms and networks and similar",na,,,,
262,Schneider Electric,46302264606-44,Schneider Electric,France,Companies & groups,550000,,SUPPORT,,SUPPORT
133,World Coal Association,471593720714-56,WCA,International,Trade and business associations,25000,,,,
187,Irish Business and Employers Confederation,479468313744-50,Ibec,Ireland,Trade and business associations,375000,,,,
402,"European Hydrogen Association, EHA",48071001253-27,EHA,Europe,"Non-governmental organisations, platforms and networks and similar",75000,,,,
26,Klima-Bündnis Lëtzebuerg,481513911429-60,Klima-Bündnis Lëtzebuerg,Luxembourg,"Non-governmental organisations, platforms and networks and similar",na,,SUPPORT,OPPOSE,SUPPORT
387,World Green Building Council (Europe Regional Network),482897410370-35 ,Word GBC,International,"Non-governmental organisations, platforms and networks and similar",25000,,,,
94,EREF - European reewable Energy Federation,48677174683-66,EREF,Europe,Trade and business associations,125000,,,,
201,Industrievereinigung Chemiefaser (IVC),49913771894-86,IVC,Germany,Trade and business associations,25000,,,,
100,Energy Norway,50098025830-01,Energy Norway,Norway,Trade and business associations,25000,SUPPORT,OPPOSE,SUPPORT,OPPOSE
10,"eceee, the European Council for an Energy Efficient Economy",505588923656-96,ECEEE,Europe,"Non-governmental organisations, platforms and networks and similar",na,,,,
318,Fennovoima Oy,51375423794-46,Fennovoima,Finland,Companies & groups,125000,SUPPORT,OPPOSE,,OPPOSE
400,Union sociale pour l’habitat,51553694127-62,USH,France,Trade unions and professional associations,375000,,,,
324,ADGER ENERGY,516404410590-13,AGDER ENERGI,Norway,Companies & groups,25000,,,,
297,LKAB,519256623442-26,LKAB,Sweden,Companies & groups,325000,OPPOSE,,SUPPORT,
258,Novozymes,52195525403-65,Novozymes,Denmark,Companies & groups,75000,,,,
476,AmCham - American Chamber of Commerce to the EU,5265780509-97,AmCham,United States,Trade and business associations,650000,,,SUPPORT,OPPOSE
464,Commissariat à l’Energie Atomique et aux Energies Alternatives,52774696782-43,CEA,France,Think tanks and research institutions,175000,,,,
359,USG - Utility Support Group,530617716398-33,USG,Netherlands,Companies & groups,na,,,,
410,Foundation 2 Degrees - Stiftung 2 Grad,539593110251-28,Stiftung 2 Grad,Germany,"Non-governmental organisations, platforms and networks and similar",75000,SUPPORT,SUPPORT,OPPOSE,SUPPORT
345,Wien Energie GmbH,541969311624-32,Wien Energy,Austria,Companies & groups,na,,,,
88,CEDEC –the European Federation of Local Energy Companies,54829912208-85,CEDEC,Europe,Companies & groups,25000,SUPPORT,SUPPORT,OPPOSE,SUPPORT
139,MEW Mittelständische Energiewirtschaft Deutschland e.V.,550558011475-69,MEW,Germany,Trade and business associations,25000,,OPPOSE,,OPPOSE
30,Church and Society Commission,55481528937-66,CSC,Europe,Organisations representing churches and religious communities,125000,SUPPORT,,,SUPPORT
131,"EUROPEAN ASSOCIATION OF CRAFT, SMALL AND MEDIUM-SIZED ENTERPRISES",55820581197-35,UEAPME,Europe,Trade and business associations,2150000,,,,
27,Climate Action Network (CAN) Europe,55888811123-49,CAN,Europe,"Non-governmental organisations, platforms and networks and similar",75000,,,,
74,Central Union of Agricultural producers and Forest Owners - MTB,56039441735-48,MTB,Finland,Trade unions and professional associations,75000,,OPPOSE,OPPOSE,OPPOSE
323,National Grid,56039866688-26,National Grid,United Kingdom,Companies & groups,25000,,,,
140,VLAAMSE WINDENERGIE ASSOCIATIE,561606712956-58,VWEA,Belgium,Trade and business associations,na,,,,
317,EDP - Energias de Portugal,56592866496-47,EDP,Portugal,Companies & groups,25000,,,,
188,Smart Energy Demand Coalition,569379418624-07,SEDC,Europe,Companies & groups,na,,,,
247,European Panel Federation - EPF,572064811767-22,EPF,Europe,Trade and business associations,125000,,,,
142,MARCOGAZ,57944346163-37,Marcogaz,Europe,Trade and business associations,628500,,,SUPPORT,OPPOSE
405,International Union of Property Owners,57946843667-42,UIPI,Europe,"Non-governmental organisations, platforms and networks and similar",75000,,OPPOSE,,
295,SOLVAY,58089691185-94,Solvay,Belgium,Companies & groups,275000,,,,
391,Zero Emissions Platform (ZEP),582485310717-46  ,ZEP,Europe,Think tanks and research institutions,750000,,,,
12,European Federation for Transport and Environment AISBL,58744833263-19,T&E,Europe,"Non-governmental organisations, platforms and networks and similar",475000,SUPPORT,,OPPOSE,
206,German Biogas Association (GBA),595041411471-64,GBA,Germany,"Non-governmental organisations, platforms and networks and similar",na,,SUPPORT,OPPOSE,SUPPORT
409,CEEP - European Centre of Employers and Enterprises providing Public services,59513031434-92,CEEP,Europe,"Non-governmental organisations, platforms and networks and similar",120000,,,,
199,ETRMA - European Tyre & Rubber Manufacturers Association,6025320863-10,ETRMA,Europe,Trade and business associations,650000,,,,
78,Fédération de l'Industrie du Verre asbl,608923211432-08 ,FIV,Belgium,Trade and business associations,25000,,OPPOSE,SUPPORT,OPPOSE
52,Eurometaux,61650796093-48,Eurometaux,Europe,Trade and business associations,1625000,,OPPOSE,SUPPORT,
107,Danish Construction Association,623798014057-26,Danish Construction Association,Denmark,Trade and business associations,na,,,,
48,AEGPL - European LPG Association,63503202933-02,AEGPL,Europe,Trade and business associations,175000,SUPPORT,,,
143,Estonian Renewable Energy Association,639259811501-33  ,EREA,Estonia,Trade and business associations,25000,,,,
308,SSE,64436972598-17,SSE,United Kingdom,Companies & groups,75000,,SUPPORT,,SUPPORT
103,European Chemical Industry Council – Cefic aisbl,64879142323-90,CEFIC,Europe,Trade and business associations,6000000,,,,
177,Bundesverband der Glasindustrie e.V.,65035217875-61,BV Glas,Germany,Trade and business associations,25000,,OPPOSE,SUPPORT,OPPOSE
468,CEER - Council fo European Energy regulators,65470797015-89,CEER,Europe,"Non-governmental organisations, platforms and networks and similar",na,,,,
119,SKGS - The co-operation of Swedish Energy Intensive Industries,65573757907-62,SKGS,Sweden,Trade and business associations,25000,,,,
320,HSE d.o.o.,66126847778-02,HSE,Slovenia,Companies & groups,25000,,,,
82,IWEA - Irish Wind Energy Association,66441154246-76,IWEA,Ireland,Trade and business associations,25000,SUPPORT,SUPPORT,,SUPPORT
172,Landwirtschaftskammer Österreich,66690371529-15,LK,Austria,Trade unions and professional associations,75000,,,,
316,Gas Natural Fenosa,67833029261-54,Gas Natural Fenosa,Spain,Companies & groups,75000,,,SUPPORT,OPPOSE
309,ERDF,68134637922-07,ERDF,France,Companies & groups,25000,,,,
61,Confcooperative,68193894090-86,Confcooperative,Italy,Trade and business associations,175000,,,,
99,Finnish Energy Industries,68861821910-84,ET,Finland,Trade and business associations,175000,,OPPOSE,SUPPORT,OPPOSE
328,Repsol,69240395197-02,Repsol,Spain,Companies & groups,325000,,,,
243,CCSA - Carbon Capture and Storage Association,69382094718-43,CCSA,Europe,Trade and business associations,25000,,,,
422,CFE-CGC Industries Electriques et Gazières,69851845452-33,CFE-CGC Énergies,France,Trade unions and professional associations,175000,,,,
197,Voka – Vlaams netwerk van ondernemingen,702214911454-33,Voka,Belgium,Trade unions and professional associations,25000,,,,
312,PGNiG SA,70816716119-36,PGNiG SA,Poland,Companies & groups,75000,,,,
412,International Emmissions Trading Association,7157999502-14,IETA,Europe,Trade and business associations,175000,SUPPORT,OPPOSE,,OPPOSE
271,VEOLIA ENVIRONNEMENT,72103751229-92,Veolia,France,Companies & groups,650000,,,,OPPOSE
300,ThyssenKrupp,721647010823-15,ThyssenKrupp AG,Germany,Companies & groups,550000,,,,
242,Confederation of European Paper Industries,72279144480-58,CEPI,Europe,Trade and business associations,325000,,,,
330,E.ON,72760517350-57,E.ON,Germany,Companies & groups,2200000,,,,
388,Coalition for Energy Savings,72911566925-69,The Coalition for Energy Savings,Europe,Other organisations,75000,,SUPPORT,,
40,Umwelt Dachverband,730024411461-80,UWD,Austria,"Non-governmental organisations, platforms and networks and similar",na,,,,
211,Deutscher Bauernverband (DBV) - German Farmers,73085531345-65,DBV,Germany,Trade and business associations,250000,,,,
181,European Domestic Glass,733257915694-82,European Domestic Glass,Europe,Trade and business associations,na,,,,
479,CDC Climat,73700969875-77 ,CDC Climat,France,Professional consultancies,na,,,,
70,CBI - Confederation of British Industry,73725676990-18,CBI,United Kingdom,Trade and business associations,475000,,,,
302,BASF,7410939793-88,BASF,Germany,Companies & groups,478000,,OPPOSE,SUPPORT,OPPOSE
462,KUNGL. VETENSKAPSAKADEMIEN THE ROYAL SWEDISH ACADEMY OF SCIENCES,744827611137-47,RSAS,Sweden,"Non-governmental organisations, platforms and networks and similar",na,,,,
44,Glass Alliance Europe - GAE,74505036439-88,GAE,Europe,Trade and business associations,50000,,,,
1,Green Budget Europe (GBE),74535104992-35,GBE,Europe,"Non-governmental organisations, platforms and networks and similar",25000,SUPPORT,SUPPORT,,SUPPORT
413,EVVE - European Association for the Consumption-based billing of Energy costs,74838936515-43,EVVE,Europe,Trade and business associations,25000,,SUPPORT,,
86,EUTurbines European Association of Gas and Steam Turbine Manufacturers,75093131694-63,EUTurbines,Europe,Trade and business associations,125000,SUPPORT,,,OPPOSE
5,Nature Code,75365248559-90,Nature Code,Austria,"Non-governmental organisations, platforms and networks and similar",,,,,
349,Wintershall,75729476306-17,Wintershall,Germany,Companies & groups,na,,,,
226,GIE - Gas Infrastructure Europe,76130992074-15,GIE,Europe,Companies & groups,1375000,SUPPORT,OPPOSE,SUPPORT,OPPOSE
71,Jernkontoret – The Swedish Steel Producers' Association,76331988454-11,Jernkontoret,Sweden,Trade and business associations,na,,OPPOSE,,OPPOSE
266,NASDAQ OMX,76648765687-29,NASDAQ,United States,Companies & groups,175000,,,,
267,VESTAS,769186224869-06,Vestas,Denmark,Companies & groups,25000,SUPPORT,SUPPORT,,SUPPORT
108,Fédérationn Française des Tuiles et Briques,7705861978-33,FFTB,France,Trade unions and professional associations,25000,,OPPOSE,,OPPOSE
426,TUC,77510791109-40,TUC,United Kingdom,Trade unions and professional associations,25000,,,,
351,RWE,77608353460-77,RWE,Germany,Companies & groups,125000,SUPPORT,OPPOSE,SUPPORT,OPPOSE
169,UPRIGAS - Union Professionelle des Industries Privées du Gaz,77820278284-77,UPRIGAS,France,Trade unions and professional associations,25000,,,,
472,ADENE – Agência para a Energia,778759511497-23,ADENE,Portugal,"Other public or mixed entities, created by law whose purpose is to act in the public interest",na,,,,
130,European Lime Association,780146710855-91,EuLA,Europe,Trade and business associations,5000,,,,
457,Asociacion de Ambientologos de Madrid,783139310998-68 ,AAM,Spain,Trade and business associations,25000,,SUPPORT,,SUPPORT
207,DVFG – Deutscher Verband Flüssiggas (German LPG association),78601138241-84,DVFG,Germany,Trade and business associations,60000,,,,
118,VNCI - Association of the Dutch Chemical Industry,78753091151-50,VNCI,Netherlands,Trade and business associations,225000,,,,
173,"FEBEG, the Federation of Belgian Electricity and Gas Companies",78903417544-46,FEBEG,Belgium,Trade and business associations,25000,,OPPOSE,,OPPOSE
89,CEWEP - Confederation of European waste-to-Energy Plants,7899845424-69,CEWEP,Europe,Trade and business associations,21734,,SUPPORT,,SUPPORT
146,Cerame-Unie- the European Ceramic Industry Association,79465004946-12,Cerame-Unie,Europe,Trade and business associations,25000,,,,
159,"UEPC, European Union of Developers and House Builders",80003592094-64,UEPC,Europe,Trade and business associations,250000,,,,
54,FERTILIZERS EUROPE,80788715017-29,Fertilizers Europe ,Europe,Trade and business associations,360000,,,,
102,Oesterreichs Energie,80966174852-38,Oesterreichs Energie,Austria,Trade and business associations,125000,,,,
105,Essenscia asbl - Belgian Federation for Chemistry and Life Sciences Industries,8111597333-73,ESSENSCIA,Belgium,Trade and business associations,325000,,,,
453,Fundacja Polski Kongres Gospodarczy,817234411078-80  ,Fundacja Polski Kongres Gospodarczy,Poland,Think tanks and research institutions,na,,,,
257,Wienerberger AG,82041746393-10,Wienerberger AG,Austria,Companies & groups,75000,,,,
65,APPA - Spanish Renewable Energy Association,82064144358-30,APPA,Spain,Trade and business associations,15000,SUPPORT,SUPPORT,OPPOSE,SUPPORT
180,SVEBIO – Swedish Bioenergy Association,826982520594-95,Svebio,Sweden,Trade and business associations,na,,,,
299,Westinghouse Electric,82770116544-06,Westinghouse,United States,Companies & groups,75000,SUPPORT,OPPOSE,,OPPOSE
15,Bund für Umwelt und Naturschutz Deutschland,83237681344-24,BUND,Germany,"Non-governmental organisations, platforms and networks and similar",na,,,,
147,Federacciai - Federation of the Italian Steel Companies,83425058760-88,Federacciai,Italy,Trade and business associations,125000,,,,
264,Project Developer Forum Ltd,837983310707-88,PDF,n.a.,Trade and business associations,25000,,SUPPORT,,
38,Climate Alliance,83923664694-38,Climate Alliance,Europe,Transnational associations and networks of public regional or other sub-national authorities,75000,,,,
193,Assovetro,841386910709-86,Assovetro,Italy,Trade and business associations,1375000,,,,
76,Unesa - Asociación Española de la Industria Eléctrica,849997016104-66,UNESA,Spain,Trade and business associations,na,,,,
3,ActionAid,85103504511-82,ActionAid,International,"Non-governmental organisations, platforms and networks and similar",25000,,,,SUPPORT
451,CEPS,86853666704-95,CEPS,Europe,Think tanks and research institutions,25000,,,,
259,DONG Energy,870817015429-80,DONG Energy,Denmark,Companies & groups,25000,SUPPORT,SUPPORT,,SUPPORT
20,Centre for Transport and Energy,88183887439-50  ,CDE,Czech Republic,"Non-governmental organisations, platforms and networks and similar",na,,SUPPORT,OPPOSE,
166,"AGFW | Der Energieeffizienzverband für Wärme, Kälte und KWK e. V",88403261302-20,AGFW,Germany,Trade and business associations,125000,,,,
428,DFK - Die Führungkräfte,88787562806-65,DFK,Germany,Trade unions and professional associations,25000,,,,
236,IV - Federation of Austrian Industries,89093924456-06,IV,Austria,Trade and business associations,275000,,,,
183,European Autoclaved Aerated Concrete Association,899865010107-44,EAACA,Europe,Trade and business associations,75000,,,,
216,Wirtschaftsvereinigung Metalle (WVM),9002547940-17,WVM,Germany,Trade and business associations,500000,,,,
417,Enagas,905001612275-82,Enagas,Spain,Companies & groups,25000,,,,
285,Finnfjord AS,90705737862-82,Finnfjord,Norway,Companies & groups,75000,,OPPOSE,,OPPOSE
248,AIE - European Association of Electrical Contractors,9089874181-55,AIE,Europe,Trade unions and professional associations,75000,,SUPPORT,,SUPPORT
342,GDF SUEZ,90947457424-20,GDF SUEZ,France,Companies & groups,25000,SUPPORT,,SUPPORT,
398,"European Energy Network, EnR",911689722889-60,EnR Network,Europe,Transnational associations and networks of public regional or other sub-national authorities,na,,,,
287,3M,91425447458-88,3M,United States,Companies & groups,375000,SUPPORT,SUPPORT,,SUPPORT
84,Friends of the Supergrid,91684615435-86,FOSG,Europe,Trade and business associations,600000,,,,
58,Scotch Whisky Association,9201911441-69,SWA,United Kingdom,Trade and business associations,750000,,SUPPORT,,SUPPORT
167,FIEC - The European Construction Industry Federation,92221016212-42,FIEC,Europe,Trade and business associations,125000,,,,
22,NOAH Friends of the Earth Denmark,927189614844-23,NOAH,Denmark,"Non-governmental organisations, platforms and networks and similar",na,SUPPORT,,OPPOSE,
224,EUROFER - European Steel Association,93038071152-83,EUROFER,Europe,Trade and business associations,275000,,,,
97,"CEMBUREAU, the European Cement Association",93987316076-63,CEMBUREAU,Europe,Trade and business associations,450000,,,,
49,PANGEA Partners for Euro-African Green Energy,94140411659-52 ,PANGEA,Europe,"Non-governmental organisations, platforms and networks and similar",25000,,SUPPORT,OPPOSE,SUPPORT
280,OMV Aktiengesellschaft,94274031992-65,OMV,Austria,Companies & groups,275000,,,,
155,Federation of Norwegian Industries,9434415651-11,Federation of Norwegian Industries,Norway,Other organisations,25000,,OPPOSE,,OPPOSE
408,Climate-Kic,948333125186-06,Climate-Kic,Europe,Other organisations,na,,,,
9,Sandbag,94944179052-82,Sandbag,United Kingdom,"Non-governmental organisations, platforms and networks and similar",175000,SUPPORT,,,
233,EDSO - European Distribution System Operators' Association,952322311484-70,EDSO for smart grids,Europe,Trade and business associations,25000,,,,
110,BWE - German Wind Energy Association,952632114087-19,BWE,Germany,Trade and business associations,20000,SUPPORT,SUPPORT,,SUPPORT
87,AFEP - Cercle de l'Industrie,953933297-85,AFEP,France,Trade and business associations,550000,,,,
91,EHI AISBL Association of the European Heating Industry,95685068542-71,EHI,Europe,Trade and business associations,225000,SUPPORT,,,
125,UNIFE - the European Rail Industry,9624415524-28,UNIFE,Europe,Trade and business associations,550960,,,,
301,Metsä Group,962687110415-94,Metsä,Finland,Companies & groups,na,,OPPOSE,,OPPOSE
396,Institutional Investors Group on Climate Change,962717910722-61,IIGCC,Europe,"Non-governmental organisations, platforms and networks and similar",25000,SUPPORT,,,
329,BKK,963142911472-29 ,BKK,Norway,Companies & groups,25000,,,,
325,Statkraft,96327066302-56,Statkraft,Norway,Companies & groups,25000,,,,
17,ClientEarth,96645517357-19,ClientEarth,United Kingdom,"Non-governmental organisations, platforms and networks and similar",na,,,,
263,Knauf Insulation,971446611568-25,Knauf Insulation,Germany,Companies & groups,225000,SUPPORT,SUPPORT,,
168,Renewable Energy Association,97560524441-16,REA,United Kingdom,Trade and business associations,25000,,,,
378,RECS International,975741812941-63,RECS INTERNATIONAL,Europe,"Non-governmental organisations, platforms and networks and similar",275000,,,,
51,AEBIOM - European Biomass Association,97810874431-67 ,AEBIOM,Europe,Trade unions and professional associations,225000,OPPOSE,SUPPORT,OPPOSE,SUPPORT
421,Teollisuuden palkansaajat TP ry,979757811894-96,Teollisuuden palkansaajat TP,Finland,Trade unions and professional associations,25000,,,,
350,Valero,98019938020-21,Valero,United States,Companies & groups,125000,,,,
42,Focus Association for Sustainable Development,98048278485-29,FOCUS,Slovenia,"Non-governmental organisations, platforms and networks and similar",25000,,,,
198,"IG BCE (Industriegewerkschaft Bergbau, Chemie, Energie)",981167323458-75,IG BCE,Germany,Trade unions and professional associations,na,,,,
35,Friends of the Earth Europe,9825553393-31,FOEeurope,Europe,"Non-governmental organisations, platforms and networks and similar",550000,SUPPORT,SUPPORT,OPPOSE,SUPPORT
475,EU Umweltbüro,98277414699-83,EUUB,Austria,"Non-governmental organisations, platforms and networks and similar",na,,,,
29,Greenpeace,9832909575-41,Greenpeace,International,"Non-governmental organisations, platforms and networks and similar",1125000,SUPPORT,SUPPORT,OPPOSE,SUPPORT
238,EURIMA - European Insulation Manufacturers Association,98345631631-22,EURIMA,Europe,Trade and business associations,75000,,,,
382,REScoop 20-20-20,983954218683-60,REScoop 20-20-20,Europe,Companies & groups,na,,,,
39,DNR - Deutscher Naturschutzring,98430135820-35,DNR,Germany,"Non-governmental organisations, platforms and networks and similar",25000,,,,
136,EuroACE - European Alliance of Companies for Energy Efficiency in Buildings,99005441548-23,Euroace,Europe,Trade and business associations,75000,,,,
217,"Bundesverband Grosshandel, Aussenhandel, Dienstleistungen (BGA)",9922252784-95,BGA,Germany,Trade and business associations,25000,,,,
63,Federchimica,9931891670-73,Federchimica,Italy,Trade and business associations,475000,,,,
276,GLOBAL WARNING,994651214997-44,Global Warning,International,Professional consultancies,na,,,,
341,ENI,99578067285-35,ENI,Italy,Companies & groups,375000,,,,OPPOSE
448,ICLEI,999630923811-90,ICLEI,Europe,Transnational associations and networks of public regional or other sub-national authorities,na,SUPPORT,SUPPORT,OPPOSE,SUPPORT
106,Confindustria,,Confindustria,Italy,Trade and business associations,75000,,,,
450,Policy exchange,plus enregistré 203758911479-09 ,Policy exchange,United Kingdom,Think tanks and research institutions,na,,,,
8,Plataforma por un Nuevo Modelo Energético,plus enregistré 256351811481-67 ,Px1NME,Spain,"Non-governmental organisations, platforms and networks and similar",na,,,,
306,ENEA Trading,plus enregistré 342012711453-30 ,Enea Trading,Poland,Companies & groups,na,,,,
95,European renewable Energy Council,plus enregistré 65083029307-11 ,EREC,Europe,"Other public or mixed entities, created by law whose purpose is to act in the public interest",na,,,,
277,Hermes Equity Ownership Services,plus enregistré 727725510117-60 ,Hermes- EOS,United Kingdom,Companies & groups,na,SUPPORT,SUPPORT,,SUPPORT
138,Euro Chlor,,Euro Chlor,Europe,Trade and business associations,na,,,,
419,FEDENE Fédération des Services Energie-Environnement,,FEDENE,France,Professional consultancies,na,,,,
127,Swedish Wind Energy Association,,Swedish Wind Energy,Sweden,Trade and business associations,na,,,,
278,AS Management & Consulting Sàrl,,AS Management & Consulting Sàrl,Luxembourg,Professional consultancies,na,,,,SUPPORT
326,EDF Energy,,EDF Energy,United Kingdom,Companies & groups,na,SUPPORT,,OPPOSE,OPPOSE
407,Katholische Landjugendbewegung Deutschlands,,KLJB,Germany,Organisations representing churches and religious communities,na,SUPPORT,SUPPORT,OPPOSE,SUPPORT
319,A2A,,A2A,Italy,Companies & groups,n.a.,,,,
16,ALIenergy,,ALIenergy,Europe,"Non-governmental organisations, platforms and networks and similar",na,,,,
232,"Alliance of the Producers of Ecological Energy-BG, the Bulgarian Photovoltaic Association, the Bulgarian Wind Energy Association and the Romanian Photovoltaic Industry Association",,SPEE-BG,Bulgaria and Romania,Trade and business associations,na,,,,
135,APER - Associazione Produttori Energia Rinnovabile,,assoRinnovabili / APER,Italy,Professional consultancies,na,,,,
151,Association of Chemical Industry of the Czech Republic,,SCHP ČR,Czech Republic,Trade and business associations,na,,,,
234,ASSOELETTRICA,,Assoelettrica,Italy,Trade and business associations,na,,,,
93,Austrian Biomass Association,,ÖBV,Austria,Trade and business associations,na,,,,
223,Austropapier - Confederation of Austrian Pulp and Paper industries,,Austropapier,Austria,Trade and business associations,na,,,,
200,BDBe (Bundesverband der deutschen Bioethanolwirtschaft),,BDBE,Germany,Trade and business associations,na,,,,
406,Benevento,,Benevento,Austria,Companies & groups,na,,,,
352,Bord Gais,,Bord Gáis Energy,Ireland,Companies & groups,na,,,,
380,Club Arc Alpin,,CAA,Alps Region,"Non-governmental organisations, platforms and networks and similar",na,,,,
175,Co-operatives UK,,Co-operatives UK ,United Kingdom,Trade and business associations,na,,,,
174,Coalpro Confederation of UK Coal Producers Coalpro,,CoalPro,United Kingdom,Trade and business associations,na,,,,
157,Czech Chamber of Commerce,,Czech Chamber of Commerce,Czech Republic,Trade and business associations,na,,,,
283,Drujba Glassworks S.A.,,DRUJBA GLASSWORKS SA.,Bulgaria,Companies & groups,na,,,,
162,EDORA,,EDORA,Belgium,Trade and business associations,na,,,,
274,ENERCON,,ENERCON,Germany,Professional consultancies,na,,,,
397,European Biofuels Technology Platform,,EBTP-SABS,Europe,Think tanks and research institutions,na,,,,
129,European Nuclear Energy Forum (ENEF),,ENEF,Europe,Trade and business associations,na,,,,
384,European Technology Platform on Renewable Heating and Cooling,,RHC-Platform,Europe,"Non-governmental organisations, platforms and networks and similar",na,,,,
18,FEASTA The Foundation for the Economics of Sustainability,,FEASTA,Ireland,"Non-governmental organisations, platforms and networks and similar",na,,,,
36,Forum Wissenschaft und Umwelt (FWU),,FWU,Austria,"Other public or mixed entities, created by law whose purpose is to act in the public interest",na,,,,
163,French Glass Association,,FFPV,France,Trade and business associations,na,,,,
386,Fuel Cells and Hydrogen Joint Undertaking (FCH JU),,FCH JU,Europe,Trade and business associations,75000,,,,
385,Future of Rural Energy in Europe (FREE),,FREE,Europe,"Non-governmental organisations, platforms and networks and similar",na,,,,
164,GAREP - Greek Association of RES Electricity Producers,,GAREP,Greece,Trade and business associations,na,,,,
473,German Advisory Council on the Environment (SRU),,SRU,Germany,Think tanks and research institutions,na,,,,
90,Heat Coalition,,Heat Coalition,Europe,Trade and business associations,na,,,,
13,Hespul,,HESPUL,France,Think tanks and research institutions,na,,,,
212,IG Windkraft - Austrian Windenergy Association,,IG Windkraft,Austria,Trade and business associations,na,,,,
455,Institute for Market Economics,,IME,Bulgaria,Think tanks and research institutions,na,,,,
7,Institution of Civil Engineers (ICE),,ICE,United Kingdom,Trade and business associations,na,,,,
486,Magyar Energetikai Társaság,,MET,Hungary,Trade and business associations,na,,,,
194,MEDGRID,,MEDGRID,International,Companies & groups,na,,,,
45,Polish Glass Manufacturers Federation,,Polish Glass Manufacturers Federation,Poland,Trade and business associations,na,,,,
253,Polish Industrial Lobby,,PLP,Poland,Trade and business associations,na,,,,
376,RE-GREEN: Regional policies towards green buildings,,RE-GREEN,Europe,Think tanks and research institutions,na,,,,
286,Recuperi Industriali S.r.l.,,Recuperi Industriali s.r.l.,Italy,Companies & groups,na,,,,
240,Renewable Energy Austria,,ReNew,Austria,Trade and business associations,na,,,,
221,Renewable UK,,Renewable UK,United Kingdom,Trade and business associations,na,,,,
307,RES Group,,RES,United Kingdom,Companies & groups,na,,,,
393,Residential Landlords Association (RLA),,RLA,United Kingdom,Trade and business associations,na,,,,
279,RSA Insurance,,RSA,United Kingdom,Companies & groups,na,,,,
31,SEREN Environmentalists for Nuclear Energy,,EFN,International,"Non-governmental organisations, platforms and networks and similar",na,,,,
357,SLZ Group,,SLZ Group,Switzerland,Companies & groups,na,,,,
79,Steel Federation,,Steel Federation,Czech Republic,Trade and business associations,na,,,,
284,Steinzeug-Keramo GmbH,,Steinzeug-Keramo,Germany,Companies & groups,na,,,,
250,Swedish Peat,,STPF,Sweden,Trade and business associations,na,,,,
322,TAURON Polska Energia SA,,Tauron,Poland,Companies & groups,na,,,,
231,The Energy Partnership,,The Energy Partnership,Europe,Trade and business associations,na,,,,
21,The Polish Climate Coalition,,Koalicja Klimatyczna,Poland,"Non-governmental organisations, platforms and networks and similar",na,,,,
424,Trade Union Pro,,PRO,Finland,Trade unions and professional associations,na,,,,
375,Union Nationale de la Propriété Immobilière,,UNPI,France,Trade unions and professional associations,na,,,,
215,Verband Kommunaler Unternehmen Österreichs (VKÖ),,VKÖ,Austria,Trade and business associations,na,,,,
289,Vereniging Nederlandse Glasfabrikanten - VNG,,VNG,Netherlands,Transnational associations and networks of public regional or other sub-national authorities,550000,,,,
290,Wiegand-Glas,,Wiegand-Glas,Germany,Companies & groups,na,,,,
292,Yioula Glassworks,,Yioula Glassworks,Greece,Companies & groups,na,,,,
