ID,Lobby ID,Nom,Abréviation,Pays/Région,Type,Secteurs d’activité,Dépenses Lobby (€),Personnes impliquées,Equivalent Temps plein,Réduction 40%,Efficacité énergétique,Gaz de schiste,Energies renouvelables
1,74535104992-35,Green Budget Europe (GBE),GBE,Europe,ONG,Intérêts public environnementaux,223889,2,1.0,SUPPORT,SUPPORT,,SUPPORT
2,1651695283-80,INFORSE-Europe,INFORSE-Europe,Europe,ONG,Intérêts public environnementaux,17499,2,1.0,,,,SUPPORT
3,85103504511-82,ActionAid,ActionAid,International,ONG,Autres industries/intérêts,226887,3,2.25,,,,SUPPORT
4,1414929419-24,World Wildlife Fund,WWF,International,ONG,Intérêts public environnementaux,2124999,33,21.75,,,,
5,75365248559-90,Nature Code,Nature Code,Autriche,ONG,Intérêts public environnementaux,649999,7,4.0,,,,
6,1083162721-43,BirdLife Europe,BirdLife Europe,Europe,ONG,Intérêts public environnementaux,1374999,18,18.0,,,,
7,,Institution of Civil Engineers (ICE),ICE,Royaume-Uni,Association professionnelle,Autres industries/intérêts,NaN,NaN,NaN,,,,
8,256351811481-67,Plataforma por un Nuevo Modelo Energético,Px1NME,Espagne,ONG,Énergie (principalement renouvelable),NaN,NaN,NaN,,,,
9,94944179052-82,Sandbag,Sandbag,Royaume-Uni,ONG,"Recherche scientifique, expertise",249999,8,6.5,SUPPORT,,,
10,505588923656-96,"eceee, the European Council for an Energy Efficient Economy",ECEEE,Europe,ONG,Énergie,17499,1,0.75,,,,
11,3960234639-24,Quaker Council for European Affairs (QCEA),QCEA,Belgique,ONG,Autres industries/intérêts,149999,4,2.5,SUPPORT,SUPPORT,OPPOSE,SUPPORT
12,58744833263-19,European Federation for Transport and Environment AISBL,T&E,Europe,ONG,"Construction, immobilier, transports",3624500,27,19.25,SUPPORT,,OPPOSE,
13,,Hespul,HESPUL,France,Think tank et recherche,Énergie (principalement renouvelable),NaN,NaN,NaN,,,,
14,0285583802-96,Nature and Biodiversity Conservation Union (NABU),NABU,Allemagne,ONG,Intérêts public environnementaux,349999,31,13.5,SUPPORT,SUPPORT,,SUPPORT
15,83237681344-24,Bund für Umwelt und Naturschutz Deutschland,BUND,Allemagne,ONG,Intérêts public environnementaux,4999,2,1.75,,,,
16,,ALIenergy,ALIenergy,Europe,ONG,Intérêts public environnementaux,NaN,NaN,NaN,,,,
17,96645517357-19,ClientEarth,ClientEarth,Royaume-Uni,ONG,"Recherche scientifique, expertise",549999,38,11.75,,,,
18,,FEASTA The Foundation for the Economics of Sustainability,FEASTA,Irlande,ONG,Intérêts public environnementaux,NaN,NaN,NaN,,,,
19,027333110679-45,Change Partnership,Change Partnership,Belgique,ONG,Intérêts public environnementaux,98000,3,2.5,,,,
20,88183887439-50,Centre for Transport and Energy,CDE,République Tchèque,ONG,"Construction, immobilier, transports",4999,1,0.25,,SUPPORT,OPPOSE,
21,,The Polish Climate Coalition,Koalicja Klimatyczna,Pologne,ONG,Intérêts public environnementaux,NaN,NaN,NaN,,,,
22,927189614844-23,NOAH Friends of the Earth Denmark,NOAH,Danemark,ONG,Intérêts public environnementaux,74999,6,3.0,SUPPORT,,OPPOSE,
23,42119616334-41,Food and Water Europe,Food & Water Europe,Europe,ONG,Intérêts public environnementaux,74999,3,2.5,,,,
25,035225320599-22,APERe,APERe,Belgique,ONG,Intérêts public environnementaux,37499,1,0.5,,,,
26,481513911429-60,Klima-Bündnis Lëtzebuerg,Klima-Bündnis Lëtzebuerg,Luxembourg,ONG,Intérêts public environnementaux,249999,4,4.0,,SUPPORT,OPPOSE,SUPPORT
27,55888811123-49,Climate Action Network (CAN) Europe,CAN,Europe,ONG,Intérêts public environnementaux,849999,19,15.75,,,,
28,06798511314-27,European Environmental Bureau,EEB,Europe,ONG,Intérêts public environnementaux,3374999,22,19.75,,,,
29,9832909575-41,Greenpeace,Greenpeace,International,ONG,Intérêts public environnementaux,594233,10,5.0,SUPPORT,SUPPORT,OPPOSE,SUPPORT
30,55481528937-66,Church and Society Commission,CSC,Europe,Communauté religieuse,Autres industries/intérêts,149999,7,1.75,SUPPORT,,,SUPPORT
31,,SEREN Environmentalists for Nuclear Energy,EFN,International,ONG,Énergie,NaN,NaN,NaN,,,,
32,174549611338-89,Alchemia-Nova,Alchemia Nova,Allemagne,Think tank et recherche,"Recherche scientifique, expertise",4999,3,1.0,OPPOSE,,,SUPPORT
33,075624711129-13,Ren Energioplysning (REO),REO,Danemark,ONG,Énergie,4999,3,0.75,,,OPPOSE,OPPOSE
34,318640620183-35,Inter-Environnement Wallonie,IEW,Belgique,ONG,Intérêts public environnementaux,17499,2,0.5,,,,
35,9825553393-31,Friends of the Earth Europe,FOEeurope,Europe,ONG,Intérêts public environnementaux,764961,16,5.75,SUPPORT,SUPPORT,OPPOSE,SUPPORT
36,,Forum Wissenschaft und Umwelt (FWU),FWU,Autriche,Entité/autorité publique,"Recherche scientifique, expertise",NaN,NaN,NaN,,,,
37,07783117686-61,E3G - Third Generation Environmentalism,E3G,Europe,Think tank et recherche,"Recherche scientifique, expertise",2782638,25,25.0,,,,
38,83923664694-38,Climate Alliance,Climate Alliance,Europe,Entité/autorité publique,Intérêts public environnementaux,4999,3,2.25,,,,
39,98430135820-35,DNR - Deutscher Naturschutzring,DNR,Allemagne,ONG,Intérêts public environnementaux,4999,3,1.75,,,,
40,730024411461-80,Umwelt Dachverband,UWD,Autriche,ONG,Intérêts public environnementaux,74999,9,7.75,,,,
41,00723343929-96,HEAL,HEAL,Europe,ONG,Intérêts public environnementaux,149999,5,2.5,,SUPPORT,OPPOSE,
42,98048278485-29,Focus Association for Sustainable Development,FOCUS,Slovénie,ONG,Intérêts public environnementaux,4999,6,6.0,,,,
43,29934726424-76,Bellona Foundation,Bellona,Europe,ONG,"Recherche scientifique, expertise",4999,4,4.0,,,,
44,74505036439-88,Glass Alliance Europe - GAE,GAE,Europe,Association professionnelle,Matériaux,50000,7,2.0,,,,
45,,Polish Glass Manufacturers Federation,Polish Glass Manufacturers Federation,Pologne,Association professionnelle,Matériaux,NaN,NaN,NaN,,,,
46,15997912445-80,Glass for Europe,Glass for Europe,Europe,Association professionnelle,Matériaux,149999,4,1.5,,SUPPORT,,SUPPORT
47,1805107590-28,IATA - International Air Transport Association,IATA,International,Association professionnelle,"Construction, immobilier, transports",949999,3,3.0,,,,OPPOSE
48,63503202933-02,AEGPL - European LPG Association,AEGPL,Europe,Association professionnelle,Énergie fossiles (sauf gaz),249999,5,4.0,SUPPORT,,,
49,94140411659-52,PANGEA Partners for Euro-African Green Energy,PANGEA,Europe,ONG,Autres industries/intérêts,4999,1,0.25,,SUPPORT,OPPOSE,SUPPORT
50,23029147081-37,British Agriculture Bureau,BAB,Royaume-Uni,Association professionnelle,Autres industries/intérêts,349999,5,4.5,,,,SUPPORT
51,97810874431-67,AEBIOM - European Biomass Association,AEBIOM,Europe,Syndicat,Énergie (principalement renouvelable),549999,2,1.75,OPPOSE,SUPPORT,OPPOSE,SUPPORT
52,61650796093-48,Eurometaux,Eurometaux,Europe,Association professionnelle,Matériaux,1374999,12,11.5,,OPPOSE,SUPPORT,
53,18191445640-83,European Biogas Association,EBA,Europe,Association professionnelle,Énergie (principalement renouvelable),37499,3,2.5,,SUPPORT,,SUPPORT
54,80788715017-29,FERTILIZERS EUROPE,Fertilizers Europe ,Europe,Association professionnelle,Industrie chimique,919000,8,4.0,,,,
55,16999985032-07,Cooperatives Europe,Coopseurope,Europe,Association professionnelle,Intérêts privés,249999,4,2.0,,SUPPORT,,SUPPORT
56,43859808000-87,EASE – European Association for Storage of Energy,EASE,Europe,Association professionnelle,Énergie,149999,5,3.75,,,,
57,22276738915-67,EPEE - European Partnership of Energy and environment,EPEE,Europe,Association professionnelle,Énergie,249999,5,3.0,,SUPPORT,,
58,9201911441-69,Scotch Whisky Association,SWA,Royaume-Uni,Association professionnelle,Autres industries/intérêts,749999,14,5.0,,SUPPORT,,SUPPORT
59,2680046412-48,EPIA - European Photovoltaic Industry Association,EPIA,Europe,Association professionnelle,Énergie (principalement renouvelable),549999,11,9.25,SUPPORT,SUPPORT,OPPOSE,SUPPORT
60,418701911503-17,British Ceramic Confederation (BCC),BCC,Royaume-Uni,Association professionnelle,Matériaux,4999,6,1.5,,OPPOSE,SUPPORT,OPPOSE
61,68193894090-86,Confcooperative,Confcooperative,Italie,Association professionnelle,Intérêts privés,37499,3,3.0,,,,
62,39299129772-62,EUROPEAN FEDERATION OF NATIONAL ASSOCIATIONS OF WATER AND WASTE WATER SERVICES,EurEAU,Europe,Association professionnelle,Énergie,249999,4,2.0,,,OPPOSE,
63,9931891670-73,Federchimica,Federchimica,Italie,Association professionnelle,Industrie chimique,349999,2,1.0,,,,
64,406700112988-86,Asociación Española de Cogeneración (ACOGEN),ACOGEN,Espagne,Association professionnelle,Énergie,74999,4,1.0,,,,
65,82064144358-30,APPA - Spanish Renewable Energy Association,APPA,Espagne,Association professionnelle,Énergie (principalement renouvelable),37499,2,0.75,SUPPORT,SUPPORT,OPPOSE,SUPPORT
66,37816636575-51,EU-ASE European Alliance to Save Energy,EU-ASE,Europe,Association professionnelle,Énergie,349999,3,2.0,,SUPPORT,,
67,3978240953-79,BusinessEurope,BUSINESSEUROPE,Europe,Association professionnelle,Intérêts privés,4124999,30,30.0,,,SUPPORT,
68,032095416055-85,Asociación Española de Operadores de Productos Petrolíferos (AOP),AOP,Espagne,Association professionnelle,Énergie fossiles (sauf gaz),149999,3,1.25,,,,
69,42843016904-50,UPEI Union Pétrolière Européenne Indépendante,UPEI,Europe,Association professionnelle,Énergie fossiles (sauf gaz),249999,2,1.75,,OPPOSE,,OPPOSE
70,73725676990-18,CBI - Confederation of British Industry,CBI,Royaume-Uni,Association professionnelle,Intérêts privés,949999,30,11.25,,,,
71,76331988454-11,Jernkontoret – The Swedish Steel Producers' Association,Jernkontoret,Suède,Association professionnelle,Matériaux,4999,6,1.5,,OPPOSE,,OPPOSE
72,10790718699-18,European Solar Thermal Industry Federation (ESTIF),ESTIF,Europe,Association professionnelle,Énergie (principalement renouvelable),4999,1,0.25,SUPPORT,SUPPORT,OPPOSE,SUPPORT
73,31843397020-27,Eurofuel,Eurofuel,Europe,Association professionnelle,Énergie fossiles (sauf gaz),249999,1,1.0,,,,
74,56039441735-48,Central Union of Agricultural producers and Forest Owners - MTB,MTB,Finlande,Syndicat,Autres industries/intérêts,149999,3,1.25,,OPPOSE,OPPOSE,OPPOSE
75,0649790813-47,ACEA,ACEA,Europe,Association professionnelle,"Construction, immobilier, transports",2124999,18,10.0,,OPPOSE,SUPPORT,OPPOSE
76,849997016104-66,Unesa - Asociación Española de la Industria Eléctrica,UNESA,Espagne,Association professionnelle,Énergie,37499,10,5.0,,,,
77,25748484862-49,EUROPEAN FEDERATION OF INTELLIGENT ENERGY EFFICIENCY SERVICES,EFIEES,Europe,Association professionnelle,Énergie,249999,3,2.25,,SUPPORT,OPPOSE,
78,608923211432-08,Fédération de l'Industrie du Verre asbl,FIV,Belgique,Association professionnelle,Matériaux,25000,NaN,NaN,,OPPOSE,SUPPORT,OPPOSE
79,,Steel Federation,Steel Federation,République Tchèque,Association professionnelle,Matériaux,NaN,NaN,NaN,,,,
80,39705603497-38,Federation Finnish Technology Industries,Federation of Finnish Rechnology Industry,Finlande,Association professionnelle,Intérêts privés,149999,10,5.0,SUPPORT,OPPOSE,,OPPOSE
81,19853116579-64,EURACOAL aisbl (European Association for Coal and Lignite),EURACOAL,Europe,Association professionnelle,Énergie fossiles (sauf gaz),149999,3,1.5,,,,
82,66441154246-76,IWEA - Irish Wind Energy Association,IWEA,Irlande,Association professionnelle,Énergie (principalement renouvelable),4999,2,0.5,SUPPORT,SUPPORT,,SUPPORT
83,2157643512-49,FEAD - European Federation of Waste Management and Environmental Services,FEAD,Europe,Association professionnelle,Autres industries/intérêts,149999,5,2.25,,,,
84,91684615435-86,Friends of the Supergrid,FOSG,Europe,Association professionnelle,Énergie,600000,3,2.5,,,,
85,03451096957-77,EuSalt,EuSalt,Europe,Association professionnelle,Autres industries/intérêts,37499,2,1.75,,SUPPORT,,OPPOSE
86,75093131694-63,EUTurbines European Association of Gas and Steam Turbine Manufacturers,EUTurbines,Europe,Association professionnelle,Énergie,349999,4,2.75,SUPPORT,,,OPPOSE
87,953933297-85,AFEP - Cercle de l'Industrie,AFEP,France,Association professionnelle,Intérêts privés,649999,10,4.75,,,,
88,54829912208-85,CEDEC –the European Federation of Local Energy Companies,CEDEC,Europe,Entreprise,Énergie,549999,3,2.25,SUPPORT,SUPPORT,OPPOSE,SUPPORT
89,7899845424-69,CEWEP - Confederation of European waste-to-Energy Plants,CEWEP,Europe,Association professionnelle,Énergie,549999,5,4.5,,SUPPORT,,SUPPORT
90,,Heat Coalition,Heat Coalition,Europe,Association professionnelle,Énergie,NaN,NaN,NaN,,,,
91,95685068542-71,EHI AISBL Association of the European Heating Industry,EHI,Europe,Association professionnelle,Énergie,249999,4,2.0,SUPPORT,,,
92,23643001178-02,European heat Pump Association,EHPA,Europe,Association professionnelle,Énergie,149999,3,2.0,,SUPPORT,SUPPORT,SUPPORT
93,,Austrian Biomass Association,ÖBV,Autriche,Association professionnelle,Énergie (principalement renouvelable),NaN,NaN,NaN,,,,
94,48677174683-66,EREF - European reewable Energy Federation,EREF,Europe,Association professionnelle,Énergie (principalement renouvelable),149999,5,2.0,,,,
95,65083029307-11,European renewable Energy Council,EREC,Europe,Entité/autorité publique,Énergie (principalement renouvelable),NaN,NaN,NaN,,,,
96,19920706471-21,EWEA - European Wind Energy Association,EWEA,Europe,Association professionnelle,Énergie (principalement renouvelable),2624500,8,5.75,,SUPPORT,OPPOSE,SUPPORT
97,93987316076-63,"CEMBUREAU, the European Cement Association",CEMBUREAU,Europe,Association professionnelle,Matériaux,449999,8,4.0,,,,
98,0014082722-83,EUROCHAMBRES – The Association of European Chambers of Commerce and Industry,EUROCHAMBRES,Europe,Association professionnelle,Intérêts privés,7600000,20,18.5,,OPPOSE,SUPPORT,
99,68861821910-84,Finnish Energy Industries,ET,Finlande,Association professionnelle,Énergie,349999,18,6.25,,OPPOSE,SUPPORT,OPPOSE
100,50098025830-01,Energy Norway,Energy Norway,Norvège,Association professionnelle,Énergie,4999,2,2.0,SUPPORT,OPPOSE,SUPPORT,OPPOSE
101,07265875082-72,Federation of Finnish Enterprises,FFE,Finlande,Association professionnelle,Intérêts privés,249999,18,6.0,,OPPOSE,,OPPOSE
102,80966174852-38,Oesterreichs Energie,Oesterreichs Energie,Autriche,Association professionnelle,Énergie,549999,6,3.5,,,,
103,64879142323-90,European Chemical Industry Council – Cefic aisbl,CEFIC,Europe,Association professionnelle,Industrie chimique,12100000,78,48.0,,,,
104,255548111478-45,"Swedish Recycling Industries´ Assocation, SRI",Swedish Recycling Industries' Association,Suède,Association professionnelle,Autres industries/intérêts,30000,1,0.25,,,,
105,8111597333-73,Essenscia asbl - Belgian Federation for Chemistry and Life Sciences Industries,ESSENSCIA,Belgique,Association professionnelle,Industrie chimique,549999,9,3.0,,,,
106,,Confindustria,Confindustria,Italie,Association professionnelle,Intérêts privés,75000,NaN,NaN,,,,
107,623798014057-26,Danish Construction Association,Danish Construction Association,Danemark,Association professionnelle,"Construction, immobilier, transports",37499,15,3.75,,,,
108,7705861978-33,Fédérationn Française des Tuiles et Briques,FFTB,France,Syndicat,Matériaux,74999,4,1.25,,OPPOSE,,OPPOSE
109,42433582-82,FORATOM,FORATOM,Europe,Association professionnelle,Énergie,449999,6,3.0,SUPPORT,OPPOSE,,OPPOSE
110,952632114087-19,BWE - German Wind Energy Association,BWE,Allemagne,Association professionnelle,Énergie (principalement renouvelable),20000,1,0.75,SUPPORT,SUPPORT,,SUPPORT
111,374860614091-68,"SveMin, Swedish Association of Mines, Mineral and Metal Producers",SveMin,Suède,Association professionnelle,Matériaux,140000,4,1.25,,,,
112,17909506129-41,EUROGAS,Eurogas,Pays-Bas,Association professionnelle,Énergie,831972,5,3.0,SUPPORT,OPPOSE,SUPPORT,OPPOSE
113,14190001484-01,Industrial Minerals Association Europe,IMA-Europe,Europe,Association professionnelle,Matériaux,74999,3,0.75,,OPPOSE,SUPPORT,OPPOSE
114,15511499334-46,Bundesverband Erneuerbare Energie e.V.,BEE,Allemagne,Association professionnelle,Énergie (principalement renouvelable),17499,1,1.0,SUPPORT,SUPPORT,,SUPPORT
115,394158311340-73,Association of Large Energy Consumers (SVSE),SVSE,République Tchèque,Association professionnelle,Intérêts privés,4999,1,0.25,,,,OPPOSE
116,255859710443-50,Polish Electricity Association - PKEE,PKEE,Pologne,Association professionnelle,Énergie,449999,7,6.0,,,,
117,355702910008-47,Swedish Forest Industries Federation,Swedish Forest Industries Federation,Suède,Association professionnelle,Matériaux,4999,2,0.5,,,,OPPOSE
118,78753091151-50,VNCI - Association of the Dutch Chemical Industry,VNCI,Pays-Bas,Association professionnelle,Industrie chimique,349999,11,2.75,,,,
119,65573757907-62,SKGS - The co-operation of Swedish Energy Intensive Industries,SKGS,Suède,Association professionnelle,Énergie,4999,5,1.5,,,,
120,319496319069-35,Anigas – Associazione Nazionale Industriali Gas,Anigas,Italie,Association professionnelle,Énergie,17499,3,0.75,,,,
121,27993486325-38,PU Europe,PU Europe,Europe,Association professionnelle,"Construction, immobilier, transports",17499,1,0.25,,SUPPORT,,SUPPORT
122,30146663069-53,French Union of Electricity,UFE,France,Association professionnelle,Énergie,249999,3,3.0,,,,
123,1978775156-31,IFIEC Europe - International Federation of Industrial Energy Consumers,IFIEC Europe,Europe,ONG,Énergie,149999,10,4.0,,OPPOSE,SUPPORT,OPPOSE
124,347776811076-78,European Solar Thermal Electricity Association ESTELA,ESTELA,Europe,Association professionnelle,Énergie (principalement renouvelable),349999,3,3.0,,SUPPORT,OPPOSE,SUPPORT
125,9624415524-28,UNIFE - the European Rail Industry,UNIFE,Europe,Association professionnelle,"Construction, immobilier, transports",549999,8,6.5,,,,
126,19736167705-91,DENEFF - German Business Association for Energy Efficiency,DENEFF,Allemagne,Association professionnelle,Énergie,4999,1,0.5,,SUPPORT,,SUPPORT
127,,Swedish Wind Energy Association,Swedish Wind Energy,Suède,Association professionnelle,Énergie (principalement renouvelable),NaN,NaN,NaN,,,,
128,092289314455-70,Climate Market and Investment Associations,CMIA,International,Association professionnelle,Finance,4999,1,0.25,,,,
129,,European Nuclear Energy Forum (ENEF),ENEF,Europe,Association professionnelle,Énergie,NaN,NaN,NaN,,,,
130,780146710855-91,European Lime Association,EuLA,Europe,Association professionnelle,Matériaux,5000,1,0.25,,,,
131,55820581197-35,"EUROPEAN ASSOCIATION OF CRAFT, SMALL AND MEDIUM-SIZED ENTERPRISES",UEAPME,Europe,Association professionnelle,Intérêts privés,1623893,15,15.0,,,,
132,286194516022-33,Fedil- Business Federation Luxembourg,Fedil,Luxembourg,Association professionnelle,Intérêts privés,149999,6,2.75,,,,
133,471593720714-56,World Coal Association,WCA,International,Association professionnelle,Énergie fossiles (sauf gaz),74999,2,0.5,,,,
134,1274604847-34,Confederation of Finnish Industries EK,EK,Finlande,Association professionnelle,Finance,449999,6,3.0,,,,
135,,APER - Associazione Produttori Energia Rinnovabile,assoRinnovabili / APER,Italie,Consultance,Énergie (principalement renouvelable),NaN,NaN,NaN,,,,
136,99005441548-23,EuroACE - European Alliance of Companies for Energy Efficiency in Buildings,Euroace,Europe,Association professionnelle,"Construction, immobilier, transports",74999,3,2.5,,,,
137,11458103335-07,"EGEC, the European Geothermal Energy Council",EGEC,Europe,Association professionnelle,Énergie (principalement renouvelable),74999,4,4.0,,,,
138,,Euro Chlor,Euro Chlor,Europe,Association professionnelle,Industrie chimique,NaN,NaN,NaN,,,,
139,550558011475-69,MEW Mittelständische Energiewirtschaft Deutschland e.V.,MEW,Allemagne,Association professionnelle,Énergie fossiles (sauf gaz),4999,2,1.0,,OPPOSE,,OPPOSE
140,561606712956-58,VLAAMSE WINDENERGIE ASSOCIATIE,VWEA,Belgique,Association professionnelle,Énergie (principalement renouvelable),4999,1,0.25,,,,
141,39671713910-36,Finnish Forest Industries Federation,FFIF,Finlande,Association professionnelle,Matériaux,74999,11,3.75,,OPPOSE,,OPPOSE
142,57944346163-37,MARCOGAZ,Marcogaz,Europe,Association professionnelle,Énergie,649999,2,2.0,,,SUPPORT,OPPOSE
143,639259811501-33,Estonian Renewable Energy Association,EREA,Estonie,Association professionnelle,Énergie (principalement renouvelable),4999,1,0.25,,,,
144,20943263315-44,EU-BAC European Building Automation and Controls Association,eu.bac,Europe,Association professionnelle,"Construction, immobilier, transports",149999,4,2.25,,,,
145,00098856602-24,GEODE - The Voice of local Energy Distributors across Europe,GEODE,Europe,ONG,Énergie,549999,4,4.0,,,,
146,79465004946-12,Cerame-Unie- the European Ceramic Industry Association,Cerame-Unie,Europe,Association professionnelle,Matériaux,449999,6,4.5,,,,
147,83425058760-88,Federacciai - Federation of the Italian Steel Companies,Federacciai,Italie,Association professionnelle,Matériaux,149999,2,1.0,,,,
149,07682415745-25,CIFF - Chemical Industry Federation of Finland,CIFF,Finlande,Association professionnelle,Industrie chimique,17499,1,0.25,,,,
150,29528175589-79,APREN – the Portuguese Renewable Energy Association,APREN,Portugal,Syndicat,Énergie (principalement renouvelable),4999,8,6.5,,,,
151,,Association of Chemical Industry of the Czech Republic,SCHP ČR,République Tchèque,Association professionnelle,Industrie chimique,NaN,NaN,NaN,,,,
152,143035111648-31,EMIRI - Energy Materials Industrial Research Initiative,EMIRI,Europe,Association professionnelle,Énergie,149999,2,1.25,,,,
153,4271427696-87,EURELETRIC,EURELECTRIC,Europe,Association professionnelle,Énergie,549999,18,4.5,,,,
154,26207914726-42,Fuelseurope,FuelsEurope,Europe,Association professionnelle,Énergie fossiles (sauf gaz),2374999,15,10.5,,,,
155,9434415651-11,Federation of Norwegian Industries,Federation of Norwegian Industries,Norvège,Autre,Intérêts privés,149999,8,4.0,,OPPOSE,,OPPOSE
157,,Czech Chamber of Commerce,Czech Chamber of Commerce,République Tchèque,Association professionnelle,Intérêts privés,NaN,NaN,NaN,,,,
158,20210641335-88,Orgalime - European Engineering Industries Association,Eunited,Europe,Association professionnelle,Autres industries/intérêts,449999,12,3.75,,,,
159,80003592094-64,"UEPC, European Union of Developers and House Builders",UEPC,Europe,Association professionnelle,"Construction, immobilier, transports",150000,3,0.75,,,,
160,32591134448-30,ePURE - European renewable ethanol industry,Epure,Europe,Association professionnelle,Énergie (principalement renouvelable),349999,5,5.0,,,,
161,1733114388-50,Danish Energy Association,DEA,Danemark,Association professionnelle,Énergie,149999,2,2.0,,,,
162,,EDORA,EDORA,Belgique,Association professionnelle,Énergie (principalement renouvelable),NaN,NaN,NaN,,,,
163,,French Glass Association,FFPV,France,Association professionnelle,Matériaux,NaN,NaN,NaN,,,,
164,,GAREP - Greek Association of RES Electricity Producers,GAREP,Grèce,Association professionnelle,Énergie (principalement renouvelable),NaN,NaN,NaN,,,,
165,454264611835-56,PlasticsEurope,PlasticsEurope,Europe,Association professionnelle,Matériaux,1874999,13,8.0,,,,
166,88403261302-20,"AGFW | Der Energieeffizienzverband für Wärme, Kälte und KWK e. V",AGFW,Allemagne,Association professionnelle,Énergie,149999,4,1.75,,,,
167,92221016212-42,FIEC - The European Construction Industry Federation,FIEC,Europe,Association professionnelle,"Construction, immobilier, transports",449999,4,4.0,,,,
168,97560524441-16,Renewable Energy Association,REA,Royaume-Uni,Association professionnelle,Énergie (principalement renouvelable),17499,4,1.25,,,,
169,77820278284-77,UPRIGAS - Union Professionelle des Industries Privées du Gaz,UPRIGAS,France,Syndicat,Énergie,4999,4,4.0,,,,
170,424387214082-04,"Apetro, the National Oil Industry Association of Portugal",APETRO,Portugal,Association professionnelle,Énergie fossiles (sauf gaz),4999,6,2.5,,,,
171,39912257528-48,Confederation of Swedish Enterprise,Confederation of Swedish Enterprise,Suède,Association professionnelle,Intérêts privés,649999,16,5.5,,,,
172,66690371529-15,Landwirtschaftskammer Österreich,LK,Autriche,Syndicat,Autres industries/intérêts,37499,10,2.5,,,,
173,78903417544-46,"FEBEG, the Federation of Belgian Electricity and Gas Companies",FEBEG,Belgique,Association professionnelle,Énergie,4999,2,0.5,,OPPOSE,,OPPOSE
174,,Coalpro Confederation of UK Coal Producers Coalpro,CoalPro,Royaume-Uni,Association professionnelle,Énergie fossiles (sauf gaz),NaN,NaN,NaN,,,,
175,,Co-operatives UK,Co-operatives UK ,Royaume-Uni,Association professionnelle,Intérêts privés,NaN,NaN,NaN,,,,
176,1634450483-86,Danish Agriculture & Food Council,DAFC,Danemark,Association professionnelle,Autres industries/intérêts,549999,6,4.75,,,,
177,65035217875-61,Bundesverband der Glasindustrie e.V.,BV Glas,Allemagne,Association professionnelle,Matériaux,4999,6,4.5,,OPPOSE,SUPPORT,OPPOSE
178,13073098010-57,Swedenergy AB,Svensk Energi,Suède,Association professionnelle,Intérêts privés,4999,4,3.0,,,,
179,43763731235-75,MEDEF,MEDEF,France,Association professionnelle,Intérêts privés,649999,12,4.25,,,,
180,826982520594-95,SVEBIO – Swedish Bioenergy Association,Svebio,Suède,Association professionnelle,Énergie (principalement renouvelable),74999,2,0.5,,,,
181,733257915694-82,European Domestic Glass,European Domestic Glass,Europe,Association professionnelle,Matériaux,149999,1,1.0,,,,
182,449131111476-44,UNIONE PETROLIFERA,UP,Italie,Association professionnelle,Énergie fossiles (sauf gaz),70000,NaN,NaN,,,,
183,899865010107-44,European Autoclaved Aerated Concrete Association,EAACA,Europe,Association professionnelle,Matériaux,4999,1,0.25,,,,
184,400886110592-21,Electricity Association of Ireland,EA Ireland,Irlande,Association professionnelle,Énergie,74999,3,0.75,,,,
185,022255314501-32,CIP – Confederation of Portuguese Business,CIP,Portugal,Association professionnelle,Intérêts privés,100000,11,3.5,,,,
186,169439010937-02,Association for District Heating of the Czech Republic (ADHCR),ADH CR,République Tchèque,Association professionnelle,Énergie,4999,1,1.0,,,,
187,479468313744-50,Irish Business and Employers Confederation,Ibec,Irlande,Association professionnelle,Intérêts privés,449999,16,7.5,,,,
188,569379418624-07,Smart Energy Demand Coalition,SEDC,Europe,Entreprise,Énergie,249999,2,2.0,,,,
189,1550133398-72,FEVE - the European Container Glass Federation,FEVE,Europe,Association professionnelle,Matériaux,449999,3,1.5,,,SUPPORT,
190,3954187491-70,International Association of Oil & Gas Producers - OGP,IOGP,International,Association professionnelle,Énergie fossiles (sauf gaz),1750000,9,8.75,,,,
191,42566063487-73,ACI EUROPE (Airports Council International),ACI Europe,Europe,Entité/autorité publique,"Construction, immobilier, transports",2124999,15,11.2,,,,
192,02963738854-41,CONFEDERACIÓN ESPAÑOLA DE ORGANIZACIONES EMPRESARIALES,CEOE,Espagne,Association professionnelle,Intérêts privés,749999,11,4.75,,,,
193,841386910709-86,Assovetro,Assovetro,Italie,Association professionnelle,Matériaux,4999,6,4.5,,,,
194,,MEDGRID,MEDGRID,International,Entreprise,Énergie (principalement renouvelable),NaN,NaN,NaN,,,,
195,172134011452-07,Spanish Gas Association (SEDIGAS),SEDIGAS,Espagne,Association professionnelle,Énergie,4999,2,0.5,,,,
196,01816267633-71,Verband der Deutschen Biokraftstoffindustrie,VDB,Allemagne,Association professionnelle,Énergie (principalement renouvelable),4999,3,0.75,,,,
197,702214911454-33,Voka – Vlaams netwerk van ondernemingen,Voka,Belgique,Syndicat,Intérêts privés,74999,6,1.75,,,,
198,981167323458-75,"IG BCE (Industriegewerkschaft Bergbau, Chemie, Energie)",IG BCE,Allemagne,Syndicat,Intérêts des salariés,74999,5,1.75,,,,
199,6025320863-10,ETRMA - European Tyre & Rubber Manufacturers Association,ETRMA,Europe,Association professionnelle,Matériaux,649999,5,3.0,,,,
200,,BDBe (Bundesverband der deutschen Bioethanolwirtschaft),BDBE,Allemagne,Association professionnelle,Énergie (principalement renouvelable),NaN,NaN,NaN,,,,
201,49913771894-86,Industrievereinigung Chemiefaser (IVC),IVC,Allemagne,Association professionnelle,Industrie chimique,4999,1,0.25,,,,
202,34954249295-81,Verband der Industriellen Energie- und Kraftwirtschaft,VIK,Allemagne,Association professionnelle,Énergie,249999,5,1.75,,,,
203,35832214158-18,Wirtschaftskammer Österreich (WKO) Fachverband Steine - Keramik,WKO - Fachverband Steine - Keramik,Autriche,Association professionnelle,Matériaux,4999,1,0.25,,,,
204,10405322962-08,Wirtschaftskammer Österreich (WKO),WKO,Autriche,Entité/autorité publique,Intérêts privés,1874999,25,15.25,,,,
205,09256701147-51,European Builders Confederation EBC,EBC,Europe,Association professionnelle,"Construction, immobilier, transports",314000,5,4.75,,SUPPORT,,
206,595041411471-64,German Biogas Association (GBA),GBA,Allemagne,ONG,Énergie (principalement renouvelable),4999,2,0.75,,SUPPORT,OPPOSE,SUPPORT
207,78601138241-84,DVFG – Deutscher Verband Flüssiggas (German LPG association),DVFG,Allemagne,Association professionnelle,Énergie fossiles (sauf gaz),60000,1,0.25,,,,
208,1420587986-32,Verband Kommunaler Unternehmen (VKU),VKU,Allemagne,Entreprise,Autres industries/intérêts,549999,6,5.25,,,,
209,15423437054-40,Verband der Chemischen Industrie (VCI),VCI,Allemagne,Association professionnelle,Industrie chimique,4124999,79,27.25,,,,
210,33629954785-84,Aussenhandelsverband für Mineralöl und Energie (AFM+E),AFM+E,Allemagne,Association professionnelle,Énergie fossiles (sauf gaz),17499,3,2.5,,,,
211,73085531345-65,Deutscher Bauernverband (DBV) - German Farmers,DBV,Allemagne,Association professionnelle,Autres industries/intérêts,280000,3,2.5,,,,
212,,IG Windkraft - Austrian Windenergy Association,IG Windkraft,Autriche,Association professionnelle,Énergie (principalement renouvelable),NaN,NaN,NaN,,,,
213,460445611477-43,"German Association of water, wastewater and waste (DWA)",DWA,Allemagne,ONG,Énergie,25000,NaN,NaN,,,,
214,00481013843-28,Allianz der öffentlichen Wasserwirtschaft (AöW),AöW,Allemagne,Association professionnelle,Énergie,74999,3,0.75,,,,
215,,Verband Kommunaler Unternehmen Österreichs (VKÖ),VKÖ,Autriche,Association professionnelle,Énergie,NaN,NaN,NaN,,,,
216,9002547940-17,Wirtschaftsvereinigung Metalle (WVM),WVM,Allemagne,Association professionnelle,Matériaux,500000,11,3.75,,,,
217,9922252784-95,"Bundesverband Grosshandel, Aussenhandel, Dienstleistungen (BGA)",BGA,Allemagne,Association professionnelle,Intérêts privés,149999,7,4.5,,,,
218,171640811897-34,Deutsche Säge- und Holzindustrie (DeSH),DeSH,Allemagne,Association professionnelle,Matériaux,4999,9,8.75,,,,
219,089167355-44,Bundesverband deutscher Wohnungs- und Immobilienunternehmen,GdW,Allemagne,Association professionnelle,"Construction, immobilier, transports",149999,3,3.0,,OPPOSE,,OPPOSE
221,,Renewable UK,Renewable UK,Royaume-Uni,Association professionnelle,Énergie (principalement renouvelable),NaN,NaN,NaN,,,,
222,38589651649-14,European Federation of Energy Traders (EFET),EFET,Europe,Association professionnelle,Finance,449999,10,7.5,,,,
223,,Austropapier - Confederation of Austrian Pulp and Paper industries,Austropapier,Autriche,Association professionnelle,Matériaux,NaN,NaN,NaN,,,,
224,93038071152-83,EUROFER - European Steel Association,EUROFER,Europe,Association professionnelle,Matériaux,649999,8,2.5,,,,
225,18146381379-29,EPPSA - European Power Plant Suppliers Association,EPPSA,Europe,Association professionnelle,Énergie,149999,6,2.5,,,,
226,76130992074-15,GIE - Gas Infrastructure Europe,GIE,Europe,Entreprise,Énergie,1374999,6,6.0,SUPPORT,OPPOSE,SUPPORT,OPPOSE
227,157030317994-18,AEE - Spanish Wind Power Association,AEE,Espagne,Association professionnelle,Énergie (principalement renouvelable),10500,3,1.25,,,,
228,41802525291-86,IRU - International Road Transport Union,IRU,International,Association professionnelle,"Construction, immobilier, transports",449999,11,11.0,,,SUPPORT,
229,01873234294-62,EPAGMA - European Peat and Growing Media Association,EPAGMA,Europe,ONG,Énergie fossiles (sauf gaz),149999,6,2.25,,,,
230,0935153658-47,Union des Industries Chimiques - UIC,UIC,France,Syndicat,Industrie chimique,149999,5,2.0,,,,
231,,The Energy Partnership,The Energy Partnership,Europe,Association professionnelle,"Construction, immobilier, transports",NaN,NaN,NaN,,,,
232,,"Alliance of the Producers of Ecological Energy-BG, the Bulgarian Photovoltaic Association, the Bulgarian Wind Energy Association and the Romanian Photovoltaic Industry Association",SPEE-BG,Bulgarie,Association professionnelle,Énergie (principalement renouvelable),NaN,NaN,NaN,,,,
233,952322311484-70,EDSO - European Distribution System Operators' Association,EDSO for smart grids,Europe,Association professionnelle,Énergie,74999,2,0.5,,,,
234,,ASSOELETTRICA,Assoelettrica,Italie,Association professionnelle,Énergie,NaN,NaN,NaN,,,,
235,09586631237-74,COPA-COGECA,COPA-COGECA,Europe,Association professionnelle,Autres industries/intérêts,1124999,18,18.0,,,,
236,89093924456-06,IV - Federation of Austrian Industries,IV,Autriche,Association professionnelle,Intérêts privés,449999,10,3.5,,,,
237,264048311507-68,European Ocean Energy Association,EUOEA,Europe,Association professionnelle,Énergie,349999,5,5.0,,,,
238,98345631631-22,EURIMA - European Insulation Manufacturers Association,EURIMA,Europe,Association professionnelle,"Construction, immobilier, transports",149999,3,1.5,,,,
239,388419813370-85,Chance for Buildings,Chance for Buildings,République Tchèque,Association professionnelle,"Construction, immobilier, transports",249999,4,2.0,,,,
240,,Renewable Energy Austria,ReNew,Autriche,Association professionnelle,Énergie (principalement renouvelable),NaN,NaN,NaN,,,,
241,281120313987-31,IKEM - Innovation and Chemical Industries in Sweden,IKEM,Suède,Association professionnelle,Industrie chimique,100000,30,7.5,,,,
242,72279144480-58,Confederation of European Paper Industries,CEPI,Europe,Association professionnelle,Matériaux,549999,7,2.5,,,,
243,69382094718-43,CCSA - Carbon Capture and Storage Association,CCSA,Europe,Association professionnelle,Énergie fossiles (sauf gaz),37499,4,1.8,,,,
244,13457582538-68,Energy UK,Energy UK,Royaume-Uni,Association professionnelle,Énergie,120000,6,2.0,,,,
245,070444714545-60,"European Landowners' Association, European Property Federation, European Group of Valuers' Associations, European Historic Houses Association","ELo, EPF, TEGoVAn European Historic Houses",Europe,Association professionnelle,"Construction, immobilier, transports",74999,2,0.5,,SUPPORT,,
246,19153965510-75,EURO ALLIAGES - Association of European Ferro-Alloy Producers,Euroalliages,Europe,Association professionnelle,Matériaux,1124999,5,5.0,,,,
247,572064811767-22,European Panel Federation - EPF,EPF,Europe,Association professionnelle,Matériaux,249999,5,5.0,,,,
248,9089874181-55,AIE - European Association of Electrical Contractors,AIE,Europe,Syndicat,Énergie,74999,2,1.5,,SUPPORT,,SUPPORT
249,22400601191-42,DIHK - Deutscher Industrie- und Handelskammertag,DIHK,Allemagne,Association professionnelle,Intérêts privés,2698000,20,18.25,,,,
250,,Swedish Peat,STPF,Suède,Association professionnelle,Énergie fossiles (sauf gaz),NaN,NaN,NaN,,,,
252,13255254129-80,VNO-NCW and MKB,VNO-NCW and MKB,Pays-Bas,Association professionnelle,Intérêts privés,749999,8,7.75,,OPPOSE,,OPPOSE
253,,Polish Industrial Lobby,PLP,Pologne,Association professionnelle,Intérêts privés,NaN,NaN,NaN,,,,
254,06436048400-37,FECER (Fédération Européenne des Cadres de l'énergie),FECER,Europe,Syndicat,Intérêts privés,17499,2,0.5,SUPPORT,,,
255,084019910467-43,ECOHZ AS,ECOHZ,Europe,Entreprise,Énergie (principalement renouvelable),4999,1,0.25,,,,
256,225005818352-31,LAFARGE,Lafarge,France,Entreprise,Matériaux,149999,6,2.0,,,SUPPORT,
257,82041746393-10,Wienerberger AG,Wienerberger AG,Autriche,Entreprise,Matériaux,360000,4,1.75,,,,
258,52195525403-65,Novozymes,Novozymes,Danemark,Entreprise,Énergie (principalement renouvelable),549999,3,2.25,,,,
259,870817015429-80,DONG Energy,DONG Energy,Danemark,Entreprise,Énergie,549999,4,2.0,SUPPORT,SUPPORT,,SUPPORT
260,05233891201-35,First Solar GmbH,First Solar,États-Unis,Entreprise,Énergie (principalement renouvelable),349999,2,1.5,SUPPORT,SUPPORT,,SUPPORT
261,423266516181-19,Kingfisher PLC,Kingfisher,Royaume-Uni,Entreprise,Autres industries/intérêts,74999,15,6.0,,,,
262,46302264606-44,Schneider Electric,Schneider Electric,France,Entreprise,Énergie,549999,6,3.75,,SUPPORT,,SUPPORT
263,971446611568-25,Knauf Insulation,Knauf Insulation,Allemagne,Entreprise,"Construction, immobilier, transports",549999,10,3.5,SUPPORT,SUPPORT,,
264,837983310707-88,Project Developer Forum Ltd,PDF,International,Association professionnelle,Énergie,25000,NaN,NaN,,SUPPORT,,
266,76648765687-29,NASDAQ OMX,NASDAQ,États-Unis,Entreprise,Finance,449999,3,2.75,,,,
267,769186224869-06,VESTAS,Vestas,Danemark,Entreprise,Énergie (principalement renouvelable),4999,2,1.0,SUPPORT,SUPPORT,,SUPPORT
268,1095068839-59,IKEA,IKEA,Suède,Entreprise,Autres industries/intérêts,849999,6,6.0,OPPOSE,SUPPORT,,
271,72103751229-92,VEOLIA ENVIRONNEMENT,Veolia,France,Entreprise,Énergie,849999,9,7.0,,,,OPPOSE
273,423142010527-25,VELUX Group,Velux,Danemark,Entreprise,"Construction, immobilier, transports",249999,5,2.25,,,,
274,,ENERCON,ENERCON,Allemagne,Consultance,Énergie (principalement renouvelable),NaN,NaN,NaN,,,,
276,994651214997-44,GLOBAL WARNING,Global Warning,International,Consultance,"Recherche scientifique, expertise",4999,1,0.25,,,,
277,727725510117-60,Hermes Equity Ownership Services,Hermes- EOS,Royaume-Uni,Entreprise,Finance,NaN,NaN,NaN,SUPPORT,SUPPORT,,SUPPORT
278,,AS Management & Consulting Sàrl,AS Management & Consulting Sàrl,Luxembourg,Consultance,"Recherche scientifique, expertise",NaN,NaN,NaN,,,,SUPPORT
279,,RSA Insurance,RSA,Royaume-Uni,Entreprise,Finance,NaN,NaN,NaN,,,,
280,94274031992-65,OMV Aktiengesellschaft,OMV,Autriche,Entreprise,Énergie fossiles (sauf gaz),549999,2,2.0,,,,
281,43284012043-03,ALSTOM,Alstom,France,Entreprise,"Construction, immobilier, transports",249999,2,2.0,SUPPORT,SUPPORT,,SUPPORT
282,38235121060-73,Dow Chemical,DOW,États-Unis,Entreprise,Industrie chimique,2124999,10,5.5,,,,
283,,Drujba Glassworks S.A.,DRUJBA GLASSWORKS SA.,Bulgarie,Entreprise,Matériaux,NaN,NaN,NaN,,,,
284,,Steinzeug-Keramo GmbH,Steinzeug-Keramo,Allemagne,Entreprise,Matériaux,NaN,NaN,NaN,,,,
285,90705737862-82,Finnfjord AS,Finnfjord,Norvège,Entreprise,Matériaux,75000,NaN,NaN,,OPPOSE,,OPPOSE
286,,Recuperi Industriali S.r.l.,Recuperi Industriali s.r.l.,Italie,Entreprise,Matériaux,NaN,NaN,NaN,,,,
287,91425447458-88,3M,3M,États-Unis,Entreprise,Autres industries/intérêts,549999,5,2.25,SUPPORT,SUPPORT,,SUPPORT
288,289922721213-66,Wärtsilä,Wärtsilä,Finlande,Entreprise,Autres industries/intérêts,249999,4,1.0,,,,
289,,Vereniging Nederlandse Glasfabrikanten - VNG,VNG,Pays-Bas,Entité/autorité publique,Matériaux,NaN,NaN,NaN,,,,
290,,Wiegand-Glas,Wiegand-Glas,Allemagne,Entreprise,Matériaux,NaN,NaN,NaN,,,,
292,,Yioula Glassworks,Yioula Glassworks,Grèce,Entreprise,Matériaux,NaN,NaN,NaN,,,,
293,10257354120-19,Neste Oil Corporation,Neste Oil,Finlande,Entreprise,Énergie fossiles (sauf gaz),249999,4,3.25,,,,
294,45060553191-59,Hydro,Hydro,Norvège,Entreprise,Matériaux,549999,3,3.0,,,,OPPOSE
295,58089691185-94,SOLVAY,Solvay,Belgique,Entreprise,Industrie chimique,1374999,4,1.0,,,,
296,013755513854-45,Borealis AG,Borealis,Autriche,Association professionnelle,Énergie fossiles (sauf gaz),250000,1,1.0,,OPPOSE,SUPPORT,OPPOSE
297,519256623442-26,LKAB,LKAB,Suède,Entreprise,Énergie fossiles (sauf gaz),100000,3,1.5,OPPOSE,,SUPPORT,
298,36636102190-34,OBB,OBB,Autriche,Entreprise,"Construction, immobilier, transports",349999,2,1.5,,,,
299,82770116544-06,Westinghouse Electric,Westinghouse,États-Unis,Entreprise,Énergie,200000,3,1.0,SUPPORT,OPPOSE,,OPPOSE
300,721647010823-15,ThyssenKrupp,ThyssenKrupp AG,Allemagne,Entreprise,Matériaux,849999,4,3.25,,,,
301,962687110415-94,Metsä Group,Metsä,Finlande,Entreprise,Matériaux,74999,3,1.0,,OPPOSE,,OPPOSE
302,7410939793-88,BASF,BASF,Allemagne,Entreprise,Industrie chimique,3200000,19,11.8,,OPPOSE,SUPPORT,OPPOSE
303,138083013988-72,RHI,RHI,Autriche,Entreprise,Matériaux,37499,2,0.5,,,,
304,344826112965-44,INEOS,INEOS,Suisse,Entreprise,Industrie chimique,4999,25,6.25,,,,
305,192594214094-84,AIVE - Portuguese Container Glass Industry,AIVE,Portugal,Association professionnelle,Matériaux,4999,2,1.5,,,,
306,342012711453-30,ENEA Trading,Enea Trading,Pologne,Entreprise,Énergie,NaN,NaN,NaN,,,,
307,,RES Group,RES,Royaume-Uni,Entreprise,Énergie (principalement renouvelable),NaN,NaN,NaN,,,,
308,64436972598-17,SSE,SSE,Royaume-Uni,Entreprise,Énergie,149999,1,1.0,,SUPPORT,,SUPPORT
309,68134637922-07,ERDF,ERDF,France,Entreprise,Énergie,649999,4,1.0,,,,
310,41816938101-07,Iberdola,Iberdrola,Espagne,Entreprise,Énergie,549999,5,3.75,,OPPOSE,SUPPORT,OPPOSE
311,02430347902-54,Eneco,Eneco,Pays-Bas,Entreprise,Énergie (principalement renouvelable),4999,2,0.75,,,,
312,70816716119-36,PGNiG SA,PGNiG SA,Pologne,Entreprise,Énergie fossiles (sauf gaz),149999,8,5.25,,,,
313,17284292859-45,Stadtwerke München GmbH,SWM,Allemagne,Entreprise,Énergie,349999,1,1.0,,,,
314,352103717639-15,TVO,TVO,Finlande,Entreprise,Énergie,149999,3,0.75,,,,
315,06877217926-31,ENEL,ENEL,Italie,Entreprise,Énergie,17499,1,0.5,,OPPOSE,SUPPORT,OPPOSE
316,67833029261-54,Gas Natural Fenosa,Gas Natural Fenosa,Espagne,Entreprise,Énergie,37499,4,2.5,,,SUPPORT,OPPOSE
317,56592866496-47,EDP - Energias de Portugal,EDP,Portugal,Entreprise,Énergie,149999,1,1.0,,,,
318,51375423794-46,Fennovoima Oy,Fennovoima,Finlande,Entreprise,Énergie,74999,1,0.25,SUPPORT,OPPOSE,,OPPOSE
319,,A2A,A2A,Italie,Entreprise,Énergie,NaN,NaN,NaN,,,,
320,66126847778-02,HSE d.o.o.,HSE,Slovénie,Entreprise,Énergie,74999,3,2.75,,,,
321,44688805318-45,"Red Eléctrica de España, SAU",REE,Espagne,Entreprise,Énergie,149999,3,2.0,,,,
322,,TAURON Polska Energia SA,Tauron,Pologne,Entreprise,Énergie,NaN,NaN,NaN,,,,
323,56039866688-26,National Grid,National Grid,Royaume-Uni,Entreprise,Énergie,349999,2,2.0,,,,
324,516404410590-13,ADGER ENERGY,AGDER ENERGI,Norvège,Entreprise,Énergie (principalement renouvelable),4999,1,0.5,,,,
325,96327066302-56,Statkraft,Statkraft,Norvège,Entreprise,Énergie (principalement renouvelable),0,6,6.0,,,,
326,,EDF Energy,EDF Energy,Royaume-Uni,Entreprise,Énergie,NaN,NaN,NaN,SUPPORT,,OPPOSE,OPPOSE
327,39966101835-69,EDF,EDF,France,Entreprise,Énergie,2124999,11,11.0,,,,
328,69240395197-02,Repsol,Repsol,Espagne,Entreprise,Énergie fossiles (sauf gaz),749999,8,3.0,,,,
329,963142911472-29,BKK,BKK,Norvège,Entreprise,Énergie (principalement renouvelable),4999,8,2.0,,,,
330,72760517350-57,E.ON,E.ON,Allemagne,Entreprise,Énergie,849999,18,6.75,,,,
332,429600710582-32,"CEZ, a.s",CEZ,République Tchèque,Entreprise,Énergie,149999,5,2.5,,,,
333,4447605981-76,STATOIL,Statoil,Norvège,Entreprise,Énergie fossiles (sauf gaz),2624500,12,7.5,,OPPOSE,SUPPORT,OPPOSE
334,401111262-07,EDISON,EDISON,Italie,Entreprise,Énergie,349999,3,2.0,,,,
335,109601212076-63,Paikallisvoima ry -The Finnish Local Power Association,Paikallisvoima,Finlande,Association professionnelle,Énergie,37499,2,0.5,,,,
336,09571422185-81,VERBUND AG,Verbund,Autriche,Entreprise,Énergie,349999,4,1.75,,,,
337,289810215426-07,TenneT,TenneT,Pays-Bas,Entreprise,Énergie,249999,4,2.75,,,,
338,29967294656-11,N.V. Nederlandse Gasunie,Gasunie,Pays-Bas,Entreprise,Énergie,249999,4,1.75,,,,
339,451019811573-55,ACCIONA,Acciona,Espagne,Entreprise,"Construction, immobilier, transports",149999,2,0.5,,,,
340,05032108616-26,SHELL,Shell,Pays-Bas,Entreprise,Énergie fossiles (sauf gaz),4624500,18,11.0,,OPPOSE,SUPPORT,OPPOSE
341,99578067285-35,ENI,ENI,Italie,Entreprise,Énergie fossiles (sauf gaz),549999,6,3.0,,,,OPPOSE
342,90947457424-20,GDF SUEZ,GDF SUEZ,France,Entreprise,Énergie,2124999,12,11.0,SUPPORT,,SUPPORT,
343,12955024114-93,Vattenfall AB,Vattenfall,Suède,Entreprise,Énergie,949999,5,3.5,,,,
344,292576015608-71,SHV Energy,SHV Energy,Pays-Bas,Entreprise,Énergie,749999,4,2.5,,,,
345,541969311624-32,Wien Energie GmbH,Wien Energy,Autriche,Entreprise,Énergie,74999,4,1.0,,,,
346,03501997362-71,FORTUM,Fortum Keilaniemi,Finlande,Entreprise,Énergie,588000,9,5.5,SUPPORT,OPPOSE,SUPPORT,OPPOSE
347,1849405799-88,TOTAL,Total,France,Entreprise,Énergie fossiles (sauf gaz),1874999,6,6.0,,,,OPPOSE
348,41126912590-71,AREVA,Areva,France,Entreprise,Énergie,649999,6,3.75,SUPPORT,,OPPOSE,OPPOSE
349,75729476306-17,Wintershall,Wintershall,Allemagne,Entreprise,Énergie fossiles (sauf gaz),549999,2,2.0,,,,
350,98019938020-21,Valero,Valero,États-Unis,Entreprise,Énergie fossiles (sauf gaz),17499,1,0.5,,,,
351,77608353460-77,RWE,RWE,Allemagne,Entreprise,Énergie,2000000,10,5.5,SUPPORT,OPPOSE,SUPPORT,OPPOSE
352,,Bord Gais,Bord Gáis Energy,Irlande,Entreprise,Énergie,NaN,NaN,NaN,,,,
353,3394026642-58,BP - British Petroleum,BP,Royaume-Uni,Entreprise,Énergie fossiles (sauf gaz),2874999,9,5.25,,OPPOSE,SUPPORT,OPPOSE
354,16020059773-15,Dii GmbH,Dii,Allemagne,Entreprise,Énergie (principalement renouvelable),225000,NaN,NaN,,,,
355,4016736872-59,GE - General Electric,GE,États-Unis,Entreprise,Énergie,5624500,17,8.75,,,SUPPORT,SUPPORT
356,241656822426-29,ESB - Electriciy Supply Board,ESB,Irlande,Entreprise,Énergie,74999,1,0.25,,,,
357,,SLZ Group,SLZ Group,Suisse,Entreprise,Finance,NaN,NaN,NaN,,,,
358,13324391892-74,EnBW,EnBW,Allemagne,Entreprise,Énergie,910000,6,3.25,,SUPPORT,,SUPPORT
359,530617716398-33,USG - Utility Support Group,USG,Pays-Bas,Entreprise,Énergie,349999,2,1.5,,,,
374,222186719128-03,The Lithuanian Free Market Institute LFMI,LFMI,Lituanie,Think tank et recherche,"Recherche scientifique, expertise",4999,5,1.25,,,,
375,,Union Nationale de la Propriété Immobilière,UNPI,France,Syndicat,"Construction, immobilier, transports",NaN,NaN,NaN,,,,
376,,RE-GREEN: Regional policies towards green buildings,RE-GREEN,Europe,Think tank et recherche,"Construction, immobilier, transports",NaN,NaN,NaN,,,,
377,0124622797-55,CECODHAS Housing Europe,Housing Europe,Europe,ONG,"Construction, immobilier, transports",149999,4,2.5,,,,
378,975741812941-63,RECS International,RECS INTERNATIONAL,Europe,ONG,Énergie,4999,3,3.0,,,,
379,251117611140-75,Confederation Lewiatan,Confederation Lewiatan,Pologne,Association professionnelle,Intérêts privés,149999,4,2.0,OPPOSE,OPPOSE,SUPPORT,OPPOSE
380,,Club Arc Alpin,CAA,Europe,ONG,Autres industries/intérêts,NaN,NaN,NaN,,,,
382,983954218683-60,REScoop 20-20-20,REScoop 20-20-20,Europe,Entreprise,Énergie (principalement renouvelable),17499,2,0.5,,,,
383,151425218350-89,Investment Property Forum (IPF),IPF,Royaume-Uni,Association professionnelle,Finance,17499,1,0.25,,OPPOSE,,OPPOSE
384,,European Technology Platform on Renewable Heating and Cooling,RHC-Platform,Europe,ONG,Énergie (principalement renouvelable),NaN,NaN,NaN,,,,
385,,Future of Rural Energy in Europe (FREE),FREE,Europe,ONG,Autres industries/intérêts,NaN,NaN,NaN,,,,
386,,Fuel Cells and Hydrogen Joint Undertaking (FCH JU),FCH JU,Europe,Association professionnelle,Énergie,NaN,NaN,NaN,,,,
387,482897410370-35,World Green Building Council (Europe Regional Network),Word GBC,International,ONG,"Construction, immobilier, transports",149999,1,1.0,,,,
388,72911566925-69,Coalition for Energy Savings,The Coalition for Energy Savings,Europe,Autre,Énergie,149999,3,0.75,,SUPPORT,,
389,2893800753-48,Verbraucherzentrale Bundesverband e.V. Federation of German Consumer Organisations,Verbraucherzentrale Bundesverband e.V. (Federation of German Consumer Organisations),Allemagne,ONG,Autres industries/intérêts,949999,35,35.0,,SUPPORT,,SUPPORT
390,088919911489-91,Collegi Oficial d'Enginyers Agrònoms de Catalunya,COEAC,Espagne,Association professionnelle,Autres industries/intérêts,25000,NaN,NaN,,,,
391,582485310717-46,Zero Emissions Platform (ZEP),ZEP,Europe,Think tank et recherche,"Recherche scientifique, expertise",4999,43,11.25,,,,
392,09579576238-53,"European Energy Exchange (EEX),",EEX,Europe,Entreprise,Finance,149999,7,4.75,,,SUPPORT,
393,,Residential Landlords Association (RLA),RLA,Royaume-Uni,Association professionnelle,"Construction, immobilier, transports",NaN,NaN,NaN,,,,
394,268508011364-70,Swedish_Union_of_tenants,The Swedish Union of Tenants,Suède,ONG,"Construction, immobilier, transports",17499,5,1.5,,,,
395,381796719468-68,The Prince of Wales’s EU Corporate Leaders Group (EUCLG),EUCLG,Europe,Association professionnelle,Intérêts privés,649999,5,5.0,,,,
396,962717910722-61,Institutional Investors Group on Climate Change,IIGCC,Europe,ONG,Finance,249999,4,2.0,SUPPORT,,,
397,,European Biofuels Technology Platform,EBTP-SABS,Europe,Think tank et recherche,Énergie (principalement renouvelable),NaN,NaN,NaN,,,,
398,911689722889-60,"European Energy Network, EnR",EnR Network,Europe,Entité/autorité publique,Intérêts public environnementaux,400000,54,14.75,,,,
399,3819438251-87,"Euro Coop, the European Community of Consumer Co-operatives",Euro Coop,Europe,ONG,Autres industries/intérêts,549999,5,3.5,,,,
400,51553694127-62,Union sociale pour l’habitat,USH,France,Syndicat,"Construction, immobilier, transports",449999,3,3.0,,,,
402,48071001253-27,"European Hydrogen Association, EHA",EHA,Europe,ONG,Énergie,4999,2,1.5,,,,
404,140992111418-09,Stichting Enerchique Foundation,Fondation A Stichting,Belgique,ONG,Intérêts public environnementaux,25000,NaN,NaN,,,,
405,57946843667-42,International Union of Property Owners,UIPI,Europe,ONG,"Construction, immobilier, transports",149999,3,2.25,,OPPOSE,,
406,,Benevento,Benevento,Autriche,Entreprise,Énergie (principalement renouvelable),NaN,NaN,NaN,,,,
407,,Katholische Landjugendbewegung Deutschlands,KLJB,Allemagne,Communauté religieuse,Autres industries/intérêts,NaN,NaN,NaN,SUPPORT,SUPPORT,OPPOSE,SUPPORT
408,948333125186-06,Climate-Kic,Climate-Kic,Europe,Autre,"Recherche scientifique, expertise",74999,4,1.0,,,,
409,59513031434-92,CEEP - European Centre of Employers and Enterprises providing Public services,CEEP,Europe,ONG,Intérêts public environnementaux,964500,8,6.75,,,,
410,539593110251-28,Foundation 2 Degrees - Stiftung 2 Grad,Stiftung 2 Grad,Allemagne,ONG,Intérêts privés,4999,1,0.25,SUPPORT,SUPPORT,OPPOSE,SUPPORT
411,01995086879-32,Confrontations Europe,Confrontations Europe,Europe,Think tank et recherche,"Recherche scientifique, expertise",74999,8,8.0,,,,
412,7157999502-14,International Emmissions Trading Association,IETA,Europe,Association professionnelle,Finance,149999,2,1.0,SUPPORT,OPPOSE,,OPPOSE
413,74838936515-43,EVVE - European Association for the Consumption-based billing of Energy costs,EVVE,Europe,Association professionnelle,"Construction, immobilier, transports",4999,1,0.75,,SUPPORT,,
416,36820998995-30,REN,RenEnergy,Royaume-Uni,Entreprise,Énergie (principalement renouvelable),649999,5,5.0,,,,
417,905001612275-82,Enagas,Enagas,Espagne,Entreprise,Énergie,149999,3,1.0,,,,
418,257226411720-38,Teknikföretagen,Teknikföretagen,Suède,Association professionnelle,Intérêts privés,349999,7,2.25,,,,
419,,FEDENE Fédération des Services Energie-Environnement,FEDENE,France,Consultance,Énergie,NaN,NaN,NaN,,,,
420,06698681039-26,European Trade Union Confederation,ETUC,Europe,Syndicat,Intérêts des salariés,1124999,23,22.25,,,,
421,979757811894-96,Teollisuuden palkansaajat TP ry,Teollisuuden palkansaajat TP,Finlande,Syndicat,Intérêts des salariés,4999,1,0.25,,,,
422,69851845452-33,CFE-CGC Industries Electriques et Gazières,CFE-CGC Énergies,France,Syndicat,Énergie,37499,2,2.0,,,,
423,43246044354-41,Austrian Trade Union Federation ÖGB (Österreichischer Gewerkschaftsbund),OGB,Autriche,Syndicat,Intérêts des salariés,349999,4,4.0,,,,
424,,Trade Union Pro,PRO,Finlande,Syndicat,Intérêts des salariés,NaN,NaN,NaN,,,,
425,358284014848-82,industriAll European Trade Union,industriAll European Trade Union,Europe,Syndicat,Intérêts des salariés,226000,14,9.0,,SUPPORT,,SUPPORT
426,77510791109-40,TUC,TUC,Royaume-Uni,Syndicat,Intérêts des salariés,4999,1,1.0,,,,
427,16178359495-57,Vereinte Dienstleistungsgewerkschaft,Ver.di,Allemagne,Syndicat,Intérêts des salariés,4999,5,4.0,,,,
428,88787562806-65,DFK - Die Führungkräfte,DFK,Allemagne,Syndicat,Intérêts privés,17499,2,0.5,,,,
429,23869471911-54,Bundesarbeitskammer Österreich,BAK,Autriche,Syndicat,Intérêts des salariés,449999,8,7.5,,,,
430,07595112423-87,Deutscher Gewerkschaftsbund (DGB),DGB,Allemagne,Syndicat,Intérêts des salariés,449999,11,9.0,,,,
432,01312486176-25,Scotland Europa,Scotland Europa,Royaume-Uni,Entité/autorité publique,Autres industries/intérêts,4999,9,9.0,,,,
438,11514322965-05,Energy Cities,Energy Cities,Europe,ONG,Énergie (principalement renouvelable),17499,5,1.75,,,,
448,999630923811-90,ICLEI,ICLEI,Europe,Entité/autorité publique,Intérêts public environnementaux,37499,5,1.25,SUPPORT,SUPPORT,OPPOSE,SUPPORT
450,203758911479-09,Policy exchange,Policy exchange,Royaume-Uni,Think tank et recherche,"Recherche scientifique, expertise",NaN,NaN,NaN,,,,
451,86853666704-95,CEPS,CEPS,Europe,Think tank et recherche,"Recherche scientifique, expertise",4999,52,49.5,,,,
452,101582711494-15,Climate Strategies,Climate Strategies,Royaume-Uni,ONG,"Recherche scientifique, expertise",4999,3,3.0,,,,
453,817234411078-80,Fundacja Polski Kongres Gospodarczy,Fundacja Polski Kongres Gospodarczy,Pologne,Think tank et recherche,Intérêts privés,NaN,NaN,NaN,,,,
454,119161911333-40,Fondazione Eni Enrico Mattei,FEEM,Italie,Think tank et recherche,"Recherche scientifique, expertise",4999,8,5.5,OPPOSE,OPPOSE,,OPPOSE
455,,Institute for Market Economics,IME,Bulgarie,Think tank et recherche,Finance,NaN,NaN,NaN,,,,
457,783139310998-68,Asociacion de Ambientologos de Madrid,AAM,Espagne,Association professionnelle,"Recherche scientifique, expertise",4999,300,75.0,,SUPPORT,,SUPPORT
458,06869148182-50,International Association of Public Transport,UITP,International,Association professionnelle,"Construction, immobilier, transports",749999,7,4.0,,,,
461,282178211569-81,Fachagentur Nachwachsende Rohstoffe e.V. – FNR (Agency for Renewable Resources),FNR,Allemagne,Entité/autorité publique,"Recherche scientifique, expertise",4999,19,18.5,,,,SUPPORT
462,744827611137-47,KUNGL. VETENSKAPSAKADEMIEN THE ROYAL SWEDISH ACADEMY OF SCIENCES,RSAS,Suède,ONG,"Recherche scientifique, expertise",4999,1,0.25,,,,
464,52774696782-43,Commissariat à l’Energie Atomique et aux Energies Alternatives,CEA,France,Think tank et recherche,Énergie,149999,50,50.0,,,,
465,133236011647-58,EASAC European Academies Science Advisory Council,EASAC,Europe,Think tank et recherche,"Recherche scientifique, expertise",249999,8,4.0,,,,
466,21280626733-05,Deutsches Zentrum für Luft- und Raumfahrt e.V. (DLR) German Aerospace Center,DLR,Allemagne,Think tank et recherche,"Recherche scientifique, expertise",649999,55,27.5,,,,
468,65470797015-89,CEER - Council fo European Energy regulators,CEER,Europe,ONG,Énergie,949999,8,8.0,,,,
472,778759511497-23,ADENE – Agência para a Energia,ADENE,Portugal,Entité/autorité publique,Énergie,NaN,NaN,NaN,,,,
473,,German Advisory Council on the Environment (SRU),SRU,Allemagne,Think tank et recherche,"Recherche scientifique, expertise",NaN,NaN,NaN,,,,
475,98277414699-83,EU Umweltbüro,EUUB,Autriche,ONG,Intérêts public environnementaux,37499,3,1.5,,,,
476,5265780509-97,AmCham - American Chamber of Commerce to the EU,AmCham,États-Unis,Association professionnelle,Intérêts privés,1124999,25,8.5,,,SUPPORT,OPPOSE
477,20457441380-38,Bundesverband der Energie- und Wasserwirtschaft,BDEW,Allemagne,Association professionnelle,Énergie,2874999,24,13.75,,,,
478,150712220857-50,BORD NA MÓNA POWERGEN,BnM,Irlande,Entreprise,Énergie (principalement renouvelable),74999,5,1.75,,,,
479,73700969875-77,CDC Climat,CDC Climat,France,Consultance,"Recherche scientifique, expertise",NaN,NaN,NaN,,,,
480,04201463642-88,The European Committee of Domestic Equipment Manufacturers (CECED),CECED,Europe,Association professionnelle,Intérêts privés,449999,13,13.0,,,,
481,38305846546-70,COGEN Europe,COGEN,Europe,Association professionnelle,Énergie,449999,6,3.75,,,,
482,453515910702-95,Confederation of Paper Industries (UK),CPI,Royaume-Uni,Association professionnelle,Matériaux,4999,1,0.5,,,,
483,014218910510-57,"EEF, the manufacturers’ organisation/ UK Steel",EEF UK Steel,Royaume-Uni,Association professionnelle,Matériaux,649999,8,4.25,,,,
485,13083157825-94,International Gas Union,IGU,International,Association professionnelle,Énergie,37499,1,0.25,,,,
486,,Magyar Energetikai Társaság,MET,Hongrie,Association professionnelle,Énergie,NaN,NaN,NaN,,,,
487,430975111376-25,Associazione Verdi Ambiente e Società Onlus,VAS,Italie,ONG,Intérêts public environnementaux,4999,4,2.0,,,,
